{
  "CertificateAuthority": {
    "BatchSize": 10000,
    "CacheHours": 3,
    "RecordCountLimit": 5000,
    "MaxErrorCount": 5,
    "AdditionalCertificateAuthoritiesAllowed": false,
    "CertificateAuthorities": [
      {
        "Forest": "",
        "Hostname": "",
        "LogicalName": ""
      }
    ]
  },
  "SslScan": {
    "DevTraceLevel": "0",
    "PipelineLimit": "10000",
    "Parallelism": "16",
    "SSLCipherSuites": [
      {
        "Name": "SSL_ECDHE_ECDSA_WITH_AES_256_CBC_SHA",
        "Value": "0x00, 0xc0, 0x0a"
      },
      {
        "Name": "SSL_ECDHE_ECDSA_WITH_AES_128_CBC_SHA",
        "Value": "0x00, 0xc0, 0x09"
      },
      {
        "Name": "SSL_ECDHE_RSA_WITH_AES_256_CBC_SHA",
        "Value": "0x00, 0xc0, 0x14"
      },
      {
        "Name": "SSL_ECDHE_RSA_WITH_AES_128_CBC_SHA",
        "Value": "0x00, 0xc0, 0x13"
      },
      {
        "Name": "SSL_RSA_WITH_AES_256_CBC_SHA",
        "Value": "0x00, 0x00, 0x35"
      },
      {
        "Name": "SSL_RSA_WITH_AES_128_CBC_SHA",
        "Value": "0x00, 0x00, 0x2f"
      },
      {
        "Name": "SSL_RSA_WITH_3DES_EDE_CBC_SHA",
        "Value": "0x00, 0x00, 0x0a"
      },
      {
        "Name": "SSL_DHE_DSS_WITH_AES_256_CBC_SHA",
        "Value": "0x00, 0x00, 0x38"
      },
      {
        "Name": "SSL_DHE_DSS_WITH_AES_128_CBC_SHA",
        "Value": "0x00, 0x00, 0x32"
      },
      {
        "Name": "SSL_DHE_DSS_WITH_3DES_EDE_CBC_SHA",
        "Value": "0x00, 0x00, 0x13"
      },
      {
        "Name": "SSL_RSA_WITH_RC4_128_SHA",
        "Value": "0x00, 0x00, 0x05"
      },
      {
        "Name": "SSL_RSA_WITH_RC4_128_MD5",
        "Value": "0x00, 0x00, 0x04"
      },
      {
        "Name": "SSL_DES_192_EDE3_CBC_WITH_MD5",
        "Value": "0x07, 0x00, 0xc0"
      },
      {
        "Name": "SSL_RC4_128_WITH_MD5",
        "Value": "0x01, 0x00, 0x80"
      },
      {
        "Name": "SSL_EMPTY_RENEGOTIATION_INFO_SCSV",
        "Value": "0x00, 0x00, 0xff"
      }

    ],
    "TLSCipherSuites": [
      {
        "Name": "TLS_ECDHE_RSA_WITH_AES_256_CBC_SHA384*",
        "Value": "0xc0, 0x28"
      },
      {
        "Name": "TLS_DHE_RSA_WITH_AES_256_GCM_SHA384*",
        "Value": "0x00, 0x9f"
      },
      {
        "Name": "TLS_DHE_RSA_WITH_AES_128_GCM_SHA256*",
        "Value": "0x00, 0x9e"
      },
      {
        "Name": "TLS_RSA_WITH_AES_256_GCM_SHA384*",
        "Value": "0x00, 0x9d"
      },
      {
        "Name": "TLS_RSA_WITH_AES_128_GCM_SHA256*",
        "Value": "0x00, 0x9c"
      },
      {
        "Name": "TLS_ECDHE_ECDSA_WITH_AES_128_GCM_SHA256*",
        "Value": "0xc0, 0x2b"
      },
      {
        "Name": "TLS_ECDHE_ECDSA_WITH_AES_128_CBC_SHA256*",
        "Value": "0xc0, 0x23"
      },
      {
        "Name": "TLS_ECDHE_RSA_WITH_AES_128_CBC_SHA256*",
        "Value": "0xc0, 0x27"
      },
      {
        "Name": "TLS_ECDHE_RSA_WITH_AES_256_CBC_SHA*",
        "Value": "0xc0, 0x14"
      },
      {
        "Name": "TLS_ECDHE_RSA_WITH_AES_128_CBC_SHA*",
        "Value": "0xc0, 0x13"
      },
      {
        "Name": "TLS_RSA_WITH_AES_256_CBC_SHA256*",
        "Value": "0x00, 0x3d"
      },
      {
        "Name": "TLS_RSA_WITH_AES_128_CBC_SHA256*",
        "Value": "0x00, 0x3c"
      },
      {
        "Name": "TLS_RSA_WITH_AES_256_CBC_SHA*",
        "Value": "0x00, 0x35"
      },
      {
        "Name": "TLS_RSA_WITH_AES_128_CBC_SHA*",
        "Value": "0x00, 0x2f"
      },
      {
        "Name": "TLS_ECDHE_ECDSA_WITH_AES_256_GCM_SHA384*",
        "Value": "0xc0, 0x2c"
      },
      {
        "Name": "TLS_ECDHE_ECDSA_WITH_AES_256_CBC_SHA384*",
        "Value": "0xc0, 0x24"
      },
      {
        "Name": "TLS_ECDHE_ECDSA_WITH_AES_256_CBC_SHA*",
        "Value": "0xc0, 0x0a"
      },
      {
        "Name": "TLS_ECDHE_ECDSA_WITH_AES_128_CBC_SHA*",
        "Value": "0xc0, 0x09"
      },
      {
        "Name": "TLS_DHE_DSS_WITH_AES_256_CBC_SHA256*",
        "Value": "0x00, 0x6a"
      },
      {
        "Name": "TLS_DHE_DSS_WITH_AES_128_CBC_SHA256*",
        "Value": "0x00, 0x40"
      },
      {
        "Name": "TLS_DHE_DSS_WITH_AES_256_CBC_SHA*",
        "Value": "0x00, 0x38"
      },
      {
        "Name": "TLS_DHE_DSS_WITH_AES_128_CBC_SHA*",
        "Value": "0x00, 0x32"
      },
      {
        "Name": "TLS_RSA_WITH_3DES_EDE_CBC_SHA*",
        "Value": "0x00, 0x0a"
      },
      {
        "Name": "TLS_DHE_DSS_WITH_3DES_EDE_CBC_SHA*",
        "Value": "0x00, 0x13"
      },
      {
        "Name": "TLS_RSA_WITH_RC4_128_SHA",
        "Value": "0x00, 0x05"
      },
      {
        "Name": "TLS_RSA_WITH_RC4_128_MD5",
        "Value": "0x00, 0x04"
      },
      {
        "Name": "TLS_ECDHE_RSA_WITH_AES_256_GCM_SHA384",
        "Value": "0xc0, 0x30"
      },
      {
        "Name": "TLS_ECDHE_RSA_WITH_AES_128_GCM_SHA256",
        "Value": "0xc0, 0x2f"
      },
      {
        "Name": "TLS_EMPTY_RENEGOTIATION_INFO_SCSV",
        "Value": "0x00, 0xff"
      }
    ],
    "TLS1_3CipherSuites": [
      {
        "Name": "TLS_AES_128_GCM_SHA256",
        "Value": "0x13, 0x01"
      },
      {
        "Name": "TLS_AES_256_GCM_SHA384",
        "Value": "0x13, 0x02"
      },
      {
        "Name": "TLS_CHACHA20_POLY1305_SHA256",
        "Value": "0x13, 0x03"
      },
      {
        "Name": "TLS_AES_128_CCM_SHA256",
        "Value": "0x13, 0x04"
      },
      {
        "Name": "TLS_AES_128_CCM_8_SHA256",
        "Value": "0x13, 0x05"
      }
    ]
  }
}
