﻿<?xml version="1.0" encoding="utf-8"?>
<!DOCTYPE dotfuscatorMap SYSTEM "http://www.preemptive.com/dotfuscator/dtd/dotfuscatorMap_v1.2.dtd">
<dotfuscatorMap version="1.1">
    <header>
        <timestamp>2023-04-07T11:31:22</timestamp>
        <product version="6.5.1+9557e9e698" user="Jon.Proch@css-security.com">PreEmptive Protection Dotfuscator Professional</product>
    </header>
    <mapping>
        <module>
            <name>Keyfactor.Orchestrators.FTP.dll</name>
            <type>
                <name>Keyfactor.Orchestrators.FTP.FTPInventoryJobExtension</name>
                <methodlist>
                    <method>
                        <signature>void()</signature>
                        <name>.ctor</name>
                    </method>
                    <method>
                        <signature>System.Collections.Generic.IEnumerable`1&lt;System.Security.Cryptography.X509Certificates.X509Certificate2&gt;(Keyfactor.Orchestrators.Extensions.InventoryJobConfiguration)</signature>
                        <name>GetFTPDirectoryX509s</name>
                        <newname>a</newname>
                    </method>
                    <method>
                        <signature>System.Collections.Generic.IEnumerable`1&lt;Keyfactor.Orchestrators.Extensions.CurrentInventoryItem&gt;(Keyfactor.Orchestrators.Extensions.InventoryJobConfiguration)</signature>
                        <name>GetInventoryItems</name>
                        <newname>b</newname>
                    </method>
                    <method>
                        <signature>Keyfactor.Orchestrators.Extensions.JobResult(Keyfactor.Orchestrators.Extensions.InventoryJobConfiguration, Keyfactor.Orchestrators.Extensions.SubmitInventoryUpdate)</signature>
                        <name>ProcessJob</name>
                    </method>
                    <method>
                        <signature>string()</signature>
                        <name>get_ExtensionName</name>
                    </method>
                    <method>
                        <signature>Microsoft.Extensions.Logging.ILogger()</signature>
                        <name>get__logger</name>
                        <newname>a</newname>
                    </method>
                </methodlist>
                <fieldlist>
                    <field>
                        <signature>Microsoft.Extensions.Logging.ILogger</signature>
                        <name>&lt;_logger&gt;k__BackingField</name>
                        <newname>a</newname>
                    </field>
                </fieldlist>
                <propertylist>
                    <property>
                        <signature>string()</signature>
                        <name>ExtensionName</name>
                    </property>
                    <property>
                        <signature>Microsoft.Extensions.Logging.ILogger()</signature>
                        <name>_logger</name>
                    </property>
                </propertylist>
                <eventlist />
            </type>
            <type>
                <name>Keyfactor.Orchestrators.FTP.FTPManagementJobExtension</name>
                <methodlist>
                    <method>
                        <signature>void()</signature>
                        <name>.ctor</name>
                    </method>
                    <method>
                        <signature>Keyfactor.Orchestrators.Extensions.JobResult(Keyfactor.Orchestrators.Extensions.ManagementJobConfiguration)</signature>
                        <name>AddCertificate</name>
                        <newname>b</newname>
                    </method>
                    <method>
                        <signature>System.Security.Cryptography.X509Certificates.X509Certificate2(string, string)</signature>
                        <name>GetCertFromBase64String</name>
                        <newname>a</newname>
                    </method>
                    <method>
                        <signature>Keyfactor.Orchestrators.Extensions.JobResult(Keyfactor.Orchestrators.Extensions.ManagementJobConfiguration)</signature>
                        <name>ProcessJob</name>
                    </method>
                    <method>
                        <signature>Keyfactor.Orchestrators.Extensions.JobResult(Keyfactor.Orchestrators.Extensions.ManagementJobConfiguration)</signature>
                        <name>RemoveCertificate</name>
                        <newname>a</newname>
                    </method>
                    <method>
                        <signature>string()</signature>
                        <name>get_ExtensionName</name>
                    </method>
                    <method>
                        <signature>Microsoft.Extensions.Logging.ILogger()</signature>
                        <name>get__logger</name>
                        <newname>a</newname>
                    </method>
                </methodlist>
                <fieldlist>
                    <field>
                        <signature>Microsoft.Extensions.Logging.ILogger</signature>
                        <name>&lt;_logger&gt;k__BackingField</name>
                        <newname>a</newname>
                    </field>
                </fieldlist>
                <propertylist>
                    <property>
                        <signature>string()</signature>
                        <name>ExtensionName</name>
                    </property>
                    <property>
                        <signature>Microsoft.Extensions.Logging.ILogger()</signature>
                        <name>_logger</name>
                    </property>
                </propertylist>
                <eventlist />
            </type>
            <type>
                <name>Keyfactor.Orchestrators.FTP.FTPManagementJobExtension/&lt;&gt;c</name>
                <methodlist>
                    <method>
                        <signature>void()</signature>
                        <name>.cctor</name>
                    </method>
                    <method>
                        <signature>void()</signature>
                        <name>.ctor</name>
                    </method>
                    <method>
                        <signature>string(System.Security.Cryptography.X509Certificates.X509Certificate2)</signature>
                        <name>&lt;AddCertificate&gt;b__7_0</name>
                        <newname>c</newname>
                    </method>
                    <method>
                        <signature>string(System.Security.Cryptography.X509Certificates.X509Certificate2)</signature>
                        <name>&lt;AddCertificate&gt;b__7_1</name>
                        <newname>b</newname>
                    </method>
                    <method>
                        <signature>string(System.Security.Cryptography.X509Certificates.X509Certificate2)</signature>
                        <name>&lt;RemoveCertificate&gt;b__8_0</name>
                        <newname>a</newname>
                    </method>
                </methodlist>
                <fieldlist>
                    <field>
                        <signature>Keyfactor.Orchestrators.FTP.FTPManagementJobExtension/&lt;&gt;c</signature>
                        <name>&lt;&gt;9</name>
                    </field>
                    <field>
                        <signature>System.Func`2&lt;System.Security.Cryptography.X509Certificates.X509Certificate2,string&gt;</signature>
                        <name>&lt;&gt;9__7_0</name>
                    </field>
                    <field>
                        <signature>System.Func`2&lt;System.Security.Cryptography.X509Certificates.X509Certificate2,string&gt;</signature>
                        <name>&lt;&gt;9__7_1</name>
                    </field>
                    <field>
                        <signature>System.Func`2&lt;System.Security.Cryptography.X509Certificates.X509Certificate2,string&gt;</signature>
                        <name>&lt;&gt;9__8_0</name>
                    </field>
                </fieldlist>
                <propertylist />
                <eventlist />
            </type>
            <type>
                <name>Keyfactor.Orchestrators.FTP.FTPManagementJobExtension/&lt;&gt;c__DisplayClass7_0</name>
                <newname>Keyfactor.Orchestrators.FTP.FTPManagementJobExtension/a</newname>
                <methodlist>
                    <method>
                        <signature>void()</signature>
                        <name>.ctor</name>
                    </method>
                    <method>
                        <signature>bool(System.Security.Cryptography.X509Certificates.X509Certificate2)</signature>
                        <name>&lt;AddCertificate&gt;b__2</name>
                        <newname>c</newname>
                    </method>
                </methodlist>
                <fieldlist>
                    <field>
                        <signature>System.Predicate`1&lt;System.Security.Cryptography.X509Certificates.X509Certificate2&gt;</signature>
                        <name>&lt;&gt;9__2</name>
                        <newname>b</newname>
                    </field>
                    <field>
                        <signature>string</signature>
                        <name>alias</name>
                        <newname>a</newname>
                    </field>
                </fieldlist>
                <propertylist />
                <eventlist />
            </type>
            <type>
                <name>Keyfactor.Orchestrators.FTP.FTPManagementJobExtension/&lt;&gt;c__DisplayClass8_0</name>
                <newname>Keyfactor.Orchestrators.FTP.FTPManagementJobExtension/b</newname>
                <methodlist>
                    <method>
                        <signature>void()</signature>
                        <name>.ctor</name>
                    </method>
                    <method>
                        <signature>bool(System.Security.Cryptography.X509Certificates.X509Certificate2)</signature>
                        <name>&lt;RemoveCertificate&gt;b__1</name>
                        <newname>c</newname>
                    </method>
                </methodlist>
                <fieldlist>
                    <field>
                        <signature>System.Func`2&lt;System.Security.Cryptography.X509Certificates.X509Certificate2,bool&gt;</signature>
                        <name>&lt;&gt;9__1</name>
                        <newname>b</newname>
                    </field>
                    <field>
                        <signature>Keyfactor.Orchestrators.Extensions.ManagementJobConfiguration</signature>
                        <name>config</name>
                        <newname>a</newname>
                    </field>
                </fieldlist>
                <propertylist />
                <eventlist />
            </type>
            <type>
                <name>Keyfactor.Orchestrators.FTP.FTPUtilities</name>
                <methodlist>
                    <method>
                        <signature>void()</signature>
                        <name>.cctor</name>
                    </method>
                    <method>
                        <signature>System.Net.FtpWebRequest(System.Uri, System.Net.NetworkCredential, string)</signature>
                        <name>BuildFTPRequest</name>
                    </method>
                    <method>
                        <signature>System.Collections.Generic.IEnumerable`1&lt;System.Security.Cryptography.X509Certificates.X509Certificate2&gt;(System.Uri, System.Net.NetworkCredential)</signature>
                        <name>FTPDownloadPem</name>
                    </method>
                    <method>
                        <signature>bool(System.Uri, System.Net.NetworkCredential)</signature>
                        <name>FTPRemove</name>
                    </method>
                    <method>
                        <signature>bool(System.Uri, System.Net.NetworkCredential, System.Collections.Generic.IEnumerable`1&lt;System.Security.Cryptography.X509Certificates.X509Certificate2&gt;)</signature>
                        <name>FTPUploadPem</name>
                    </method>
                    <method>
                        <signature>bool(System.Uri, System.Net.NetworkCredential, System.Security.Cryptography.X509Certificates.X509Certificate2)</signature>
                        <name>FTPUploadPem</name>
                    </method>
                    <method>
                        <signature>System.Collections.Generic.List`1&lt;System.Security.Cryptography.X509Certificates.X509Certificate2&gt;(string)</signature>
                        <name>GetAllCertificatesInPem</name>
                    </method>
                    <method>
                        <signature>System.Collections.Generic.IEnumerable`1&lt;string&gt;(System.Uri, System.Net.NetworkCredential)</signature>
                        <name>GetFTPDirectory</name>
                    </method>
                    <method>
                        <signature>string(string)</signature>
                        <name>RemoveAnchors</name>
                    </method>
                    <method>
                        <signature>Microsoft.Extensions.Logging.ILogger()</signature>
                        <name>get__logger</name>
                        <newname>a</newname>
                    </method>
                    <method>
                        <signature>void(Microsoft.Extensions.Logging.ILogger)</signature>
                        <name>set__logger</name>
                        <newname>a</newname>
                    </method>
                </methodlist>
                <fieldlist>
                    <field>
                        <signature>Microsoft.Extensions.Logging.ILogger</signature>
                        <name>&lt;_logger&gt;k__BackingField</name>
                        <newname>a</newname>
                    </field>
                    <field>
                        <signature>System.Func`2&lt;string,string&gt;</signature>
                        <name>pemify</name>
                    </field>
                </fieldlist>
                <propertylist>
                    <property>
                        <signature>Microsoft.Extensions.Logging.ILogger()</signature>
                        <name>_logger</name>
                    </property>
                </propertylist>
                <eventlist />
            </type>
            <type>
                <name>Keyfactor.Orchestrators.FTP.FTPUtilities/&lt;&gt;c</name>
                <methodlist>
                    <method>
                        <signature>void()</signature>
                        <name>.cctor</name>
                    </method>
                    <method>
                        <signature>void()</signature>
                        <name>.ctor</name>
                    </method>
                    <method>
                        <signature>string(string)</signature>
                        <name>&lt;.cctor&gt;b__13_0</name>
                        <newname>a</newname>
                    </method>
                </methodlist>
                <fieldlist>
                    <field>
                        <signature>Keyfactor.Orchestrators.FTP.FTPUtilities/&lt;&gt;c</signature>
                        <name>&lt;&gt;9</name>
                    </field>
                </fieldlist>
                <propertylist />
                <eventlist />
            </type>
        </module>
    </mapping>
    <statistics>
        <statisticline>
            <description>Total Classes</description>
            <statistic>7</statistic>
        </statisticline>
        <statisticline>
            <description>Total Methods</description>
            <statistic>36</statistic>
        </statisticline>
        <statisticline>
            <description>Total Fields</description>
            <statistic>13</statistic>
        </statisticline>
        <statisticline>
            <description>Total Properties</description>
            <statistic>5</statistic>
        </statisticline>
        <statisticline>
            <description>Total Events</description>
            <statistic>0</statistic>
        </statisticline>
        <statisticline>
            <description>Total Classes Renamed</description>
            <statistic>2</statistic>
            <statistic>28.57 %</statistic>
        </statisticline>
        <statisticline>
            <description>Total Methods Renamed</description>
            <statistic>15</statistic>
            <statistic>41.67 %</statistic>
        </statisticline>
        <statisticline>
            <description>Total Fields Renamed</description>
            <statistic>7</statistic>
            <statistic>53.85 %</statistic>
        </statisticline>
        <statisticline>
            <description>Total Properties Renamed</description>
            <statistic>0</statistic>
            <statistic>0.00 %</statistic>
        </statisticline>
        <statisticline>
            <description>Total Events Renamed</description>
            <statistic>0</statistic>
            <statistic>0.00 %</statistic>
        </statisticline>
        <statisticline>
            <description>Methods Renamed to 'a'</description>
            <statistic>9</statistic>
            <statistic>25.00 %</statistic>
        </statisticline>
        <statisticline>
            <description>Methods Renamed to 'b'</description>
            <statistic>3</statistic>
            <statistic>8.33 %</statistic>
        </statisticline>
        <statisticline>
            <description>Methods Renamed to 'c'</description>
            <statistic>3</statistic>
            <statistic>8.33 %</statistic>
        </statisticline>
    </statistics>
</dotfuscatorMap>