﻿<?xml version="1.0" encoding="utf-8"?>
<!DOCTYPE dotfuscatorMap SYSTEM "http://www.preemptive.com/dotfuscator/dtd/dotfuscatorMap_v1.2.dtd">
<dotfuscatorMap version="1.1">
    <header>
        <timestamp>2023-04-07T11:30:07</timestamp>
        <product version="6.5.1+9557e9e698" user="Jon.Proch@css-security.com">PreEmptive Protection Dotfuscator Professional</product>
    </header>
    <mapping>
        <module>
            <name>Keyfactor.Orchestrators.IIS.dll</name>
            <type>
                <name>Keyfactor.Orchestrators.IIS.IISInventoryJobExtension</name>
                <methodlist>
                    <method>
                        <signature>void()</signature>
                        <name>.ctor</name>
                    </method>
                    <method>
                        <signature>System.Collections.Generic.IEnumerable`1&lt;Keyfactor.Orchestrators.Extensions.CurrentInventoryItem&gt;(System.Security.Cryptography.X509Certificates.X509Store)</signature>
                        <name>GetCertificatesFromStore</name>
                        <newname>a</newname>
                    </method>
                    <method>
                        <signature>Keyfactor.Orchestrators.Extensions.JobResult(Keyfactor.Orchestrators.Extensions.InventoryJobConfiguration, Keyfactor.Orchestrators.Extensions.SubmitInventoryUpdate)</signature>
                        <name>ProcessJob</name>
                    </method>
                    <method>
                        <signature>string(string)</signature>
                        <name>ResolveStoreName</name>
                        <newname>a</newname>
                    </method>
                    <method>
                        <signature>string()</signature>
                        <name>get_ExtensionName</name>
                    </method>
                    <method>
                        <signature>Microsoft.Extensions.Logging.ILogger()</signature>
                        <name>get__logger</name>
                        <newname>a</newname>
                    </method>
                </methodlist>
                <fieldlist>
                    <field>
                        <signature>Microsoft.Extensions.Logging.ILogger</signature>
                        <name>&lt;_logger&gt;k__BackingField</name>
                        <newname>a</newname>
                    </field>
                </fieldlist>
                <propertylist>
                    <property>
                        <signature>string()</signature>
                        <name>ExtensionName</name>
                    </property>
                    <property>
                        <signature>Microsoft.Extensions.Logging.ILogger()</signature>
                        <name>_logger</name>
                    </property>
                </propertylist>
                <eventlist />
            </type>
            <type>
                <name>Keyfactor.Orchestrators.IIS.IISManagementJobExtension</name>
                <methodlist>
                    <method>
                        <signature>void()</signature>
                        <name>.ctor</name>
                    </method>
                    <method>
                        <signature>bool(System.Security.Cryptography.X509Certificates.X509Certificate2)</signature>
                        <name>&lt;RemoveCertForJob&gt;b__19_0</name>
                        <newname>a</newname>
                    </method>
                    <method>
                        <signature>Keyfactor.Orchestrators.Extensions.JobResult(System.Security.Cryptography.X509Certificates.X509Store)</signature>
                        <name>AddCertForJob</name>
                        <newname>a</newname>
                    </method>
                    <method>
                        <signature>bool(unsigned int8[], unsigned int8[])</signature>
                        <name>CompareHash</name>
                        <newname>a</newname>
                    </method>
                    <method>
                        <signature>System.Security.Cryptography.X509Certificates.X509Certificate2(string, string)</signature>
                        <name>GetCertFromBase64String</name>
                        <newname>b</newname>
                    </method>
                    <method>
                        <signature>void(unsigned int8[], string, string, string)</signature>
                        <name>InstallPfxToMachineStoreRemote</name>
                        <newname>a</newname>
                    </method>
                    <method>
                        <signature>bool(string)</signature>
                        <name>IsLocalAddress</name>
                        <newname>a</newname>
                    </method>
                    <method>
                        <signature>Keyfactor.Orchestrators.Extensions.JobResult(Keyfactor.Orchestrators.Extensions.ManagementJobConfiguration)</signature>
                        <name>ProcessJob</name>
                    </method>
                    <method>
                        <signature>void(string, string)</signature>
                        <name>RemoveBindingByThumbprintRemote</name>
                        <newname>a</newname>
                    </method>
                    <method>
                        <signature>void(System.Security.Cryptography.X509Certificates.X509Certificate)</signature>
                        <name>RemoveCertBindingFromIISLocal</name>
                        <newname>a</newname>
                    </method>
                    <method>
                        <signature>Keyfactor.Orchestrators.Extensions.JobResult(System.Security.Cryptography.X509Certificates.X509Store)</signature>
                        <name>RemoveCertForJob</name>
                        <newname>b</newname>
                    </method>
                    <method>
                        <signature>void(string, string, string, string)</signature>
                        <name>ReplaceBindingByThumbprintRemote</name>
                        <newname>a</newname>
                    </method>
                    <method>
                        <signature>string(string)</signature>
                        <name>ResolveStoreName</name>
                        <newname>b</newname>
                    </method>
                    <method>
                        <signature>void(System.Security.Cryptography.X509Certificates.X509Certificate, System.Security.Cryptography.X509Certificates.X509Certificate, string)</signature>
                        <name>UpdateIISBindingsWithNewCertLocal</name>
                        <newname>a</newname>
                    </method>
                    <method>
                        <signature>string()</signature>
                        <name>get_ExtensionName</name>
                    </method>
                    <method>
                        <signature>Keyfactor.Orchestrators.Models.ClientMachine()</signature>
                        <name>get__client</name>
                        <newname>a</newname>
                    </method>
                    <method>
                        <signature>Keyfactor.Orchestrators.Extensions.ManagementJobConfiguration()</signature>
                        <name>get__config</name>
                        <newname>c</newname>
                    </method>
                    <method>
                        <signature>Microsoft.Extensions.Logging.ILogger()</signature>
                        <name>get__logger</name>
                        <newname>d</newname>
                    </method>
                    <method>
                        <signature>Keyfactor.Orchestrators.ScriptDrivers.IScriptDriver()</signature>
                        <name>get__scriptDriver</name>
                        <newname>b</newname>
                    </method>
                    <method>
                        <signature>void(Keyfactor.Orchestrators.Models.ClientMachine)</signature>
                        <name>set__client</name>
                        <newname>a</newname>
                    </method>
                    <method>
                        <signature>void(Keyfactor.Orchestrators.Extensions.ManagementJobConfiguration)</signature>
                        <name>set__config</name>
                        <newname>a</newname>
                    </method>
                </methodlist>
                <fieldlist>
                    <field>
                        <signature>Keyfactor.Orchestrators.Models.ClientMachine</signature>
                        <name>&lt;_client&gt;k__BackingField</name>
                        <newname>d</newname>
                    </field>
                    <field>
                        <signature>Keyfactor.Orchestrators.Extensions.ManagementJobConfiguration</signature>
                        <name>&lt;_config&gt;k__BackingField</name>
                        <newname>b</newname>
                    </field>
                    <field>
                        <signature>Microsoft.Extensions.Logging.ILogger</signature>
                        <name>&lt;_logger&gt;k__BackingField</name>
                        <newname>a</newname>
                    </field>
                    <field>
                        <signature>Keyfactor.Orchestrators.ScriptDrivers.IScriptDriver</signature>
                        <name>&lt;_scriptDriver&gt;k__BackingField</name>
                        <newname>c</newname>
                    </field>
                </fieldlist>
                <propertylist>
                    <property>
                        <signature>string()</signature>
                        <name>ExtensionName</name>
                    </property>
                    <property>
                        <signature>Keyfactor.Orchestrators.Models.ClientMachine()</signature>
                        <name>_client</name>
                    </property>
                    <property>
                        <signature>Keyfactor.Orchestrators.Extensions.ManagementJobConfiguration()</signature>
                        <name>_config</name>
                    </property>
                    <property>
                        <signature>Microsoft.Extensions.Logging.ILogger()</signature>
                        <name>_logger</name>
                    </property>
                    <property>
                        <signature>Keyfactor.Orchestrators.ScriptDrivers.IScriptDriver()</signature>
                        <name>_scriptDriver</name>
                    </property>
                </propertylist>
                <eventlist />
            </type>
            <type>
                <name>Keyfactor.Orchestrators.IIS.IISManagementJobExtension/&lt;&gt;c</name>
                <methodlist>
                    <method>
                        <signature>void()</signature>
                        <name>.cctor</name>
                    </method>
                    <method>
                        <signature>void()</signature>
                        <name>.ctor</name>
                    </method>
                    <method>
                        <signature>bool(Microsoft.Web.Administration.Binding)</signature>
                        <name>&lt;RemoveCertBindingFromIISLocal&gt;b__20_0</name>
                        <newname>b</newname>
                    </method>
                    <method>
                        <signature>bool(Microsoft.Web.Administration.Binding)</signature>
                        <name>&lt;UpdateIISBindingsWithNewCertLocal&gt;b__21_0</name>
                        <newname>a</newname>
                    </method>
                </methodlist>
                <fieldlist>
                    <field>
                        <signature>Keyfactor.Orchestrators.IIS.IISManagementJobExtension/&lt;&gt;c</signature>
                        <name>&lt;&gt;9</name>
                    </field>
                    <field>
                        <signature>System.Func`2&lt;Microsoft.Web.Administration.Binding,bool&gt;</signature>
                        <name>&lt;&gt;9__20_0</name>
                    </field>
                    <field>
                        <signature>System.Func`2&lt;Microsoft.Web.Administration.Binding,bool&gt;</signature>
                        <name>&lt;&gt;9__21_0</name>
                    </field>
                </fieldlist>
                <propertylist />
                <eventlist />
            </type>
            <type>
                <name>Keyfactor.Orchestrators.IIS.IISManagementJobExtension/&lt;&gt;c__DisplayClass22_0</name>
                <newname>Keyfactor.Orchestrators.IIS.IISManagementJobExtension/a</newname>
                <methodlist>
                    <method>
                        <signature>void()</signature>
                        <name>.ctor</name>
                    </method>
                    <method>
                        <signature>bool(System.Security.Cryptography.X509Certificates.X509Certificate2)</signature>
                        <name>&lt;AddCertForJob&gt;b__0</name>
                        <newname>b</newname>
                    </method>
                </methodlist>
                <fieldlist>
                    <field>
                        <signature>string</signature>
                        <name>alias</name>
                        <newname>a</newname>
                    </field>
                </fieldlist>
                <propertylist />
                <eventlist />
            </type>
        </module>
    </mapping>
    <statistics>
        <statisticline>
            <description>Total Classes</description>
            <statistic>4</statistic>
        </statisticline>
        <statisticline>
            <description>Total Methods</description>
            <statistic>33</statistic>
        </statisticline>
        <statisticline>
            <description>Total Fields</description>
            <statistic>9</statistic>
        </statisticline>
        <statisticline>
            <description>Total Properties</description>
            <statistic>7</statistic>
        </statisticline>
        <statisticline>
            <description>Total Events</description>
            <statistic>0</statistic>
        </statisticline>
        <statisticline>
            <description>Total Classes Renamed</description>
            <statistic>1</statistic>
            <statistic>25.00 %</statistic>
        </statisticline>
        <statisticline>
            <description>Total Methods Renamed</description>
            <statistic>24</statistic>
            <statistic>72.73 %</statistic>
        </statisticline>
        <statisticline>
            <description>Total Fields Renamed</description>
            <statistic>6</statistic>
            <statistic>66.67 %</statistic>
        </statisticline>
        <statisticline>
            <description>Total Properties Renamed</description>
            <statistic>0</statistic>
            <statistic>0.00 %</statistic>
        </statisticline>
        <statisticline>
            <description>Total Events Renamed</description>
            <statistic>0</statistic>
            <statistic>0.00 %</statistic>
        </statisticline>
        <statisticline>
            <description>Methods Renamed to 'a'</description>
            <statistic>16</statistic>
            <statistic>48.48 %</statistic>
        </statisticline>
        <statisticline>
            <description>Methods Renamed to 'b'</description>
            <statistic>6</statistic>
            <statistic>18.18 %</statistic>
        </statisticline>
        <statisticline>
            <description>Methods Renamed to 'c'</description>
            <statistic>1</statistic>
            <statistic>3.03 %</statistic>
        </statisticline>
        <statisticline>
            <description>Methods Renamed to 'd'</description>
            <statistic>1</statistic>
            <statistic>3.03 %</statistic>
        </statisticline>
    </statistics>
</dotfuscatorMap>