﻿<?xml version="1.0" encoding="utf-8"?>
<!DOCTYPE dotfuscatorMap SYSTEM "http://www.preemptive.com/dotfuscator/dtd/dotfuscatorMap_v1.2.dtd">
<dotfuscatorMap version="1.1">
    <header>
        <timestamp>2023-05-26T18:42:41</timestamp>
        <product version="6.5.1+9557e9e698" user="Jon.Proch@css-security.com">PreEmptive Protection Dotfuscator Professional</product>
    </header>
    <mapping>
        <module>
            <name>Keyfactor.Orchestrators.JobExtensionDrivers.dll</name>
            <type>
                <name>Keyfactor.Orchestrators.JobExtensionDrivers.DiscoveryJobExtensionDriver</name>
                <methodlist>
                    <method>
                        <signature>void(Keyfactor.Orchestrators.ScriptDrivers.IScriptDriver)</signature>
                        <name>.ctor</name>
                    </method>
                    <method>
                        <signature>Keyfactor.Orchestrators.Extensions.JobResult(Keyfactor.Orchestrators.Extensions.DiscoveryJobConfiguration, Keyfactor.Orchestrators.Extensions.SubmitDiscoveryUpdate)</signature>
                        <name>ProcessJob</name>
                    </method>
                    <method>
                        <signature>string()</signature>
                        <name>get_ExtensionName</name>
                    </method>
                    <method>
                        <signature>string()</signature>
                        <name>get_ScriptName</name>
                    </method>
                </methodlist>
                <fieldlist />
                <propertylist>
                    <property>
                        <signature>string()</signature>
                        <name>ExtensionName</name>
                    </property>
                    <property>
                        <signature>string()</signature>
                        <name>ScriptName</name>
                    </property>
                </propertylist>
                <eventlist />
            </type>
            <type>
                <name>Keyfactor.Orchestrators.JobExtensionDrivers.InventoryJobExtensionDriver</name>
                <methodlist>
                    <method>
                        <signature>void(Keyfactor.Orchestrators.ScriptDrivers.IScriptDriver)</signature>
                        <name>.ctor</name>
                    </method>
                    <method>
                        <signature>Keyfactor.Orchestrators.Extensions.JobResult(Keyfactor.Orchestrators.Extensions.InventoryJobConfiguration, Keyfactor.Orchestrators.Extensions.SubmitInventoryUpdate)</signature>
                        <name>ProcessJob</name>
                    </method>
                    <method>
                        <signature>string()</signature>
                        <name>get_ExtensionName</name>
                    </method>
                    <method>
                        <signature>string()</signature>
                        <name>get_ScriptName</name>
                    </method>
                </methodlist>
                <fieldlist />
                <propertylist>
                    <property>
                        <signature>string()</signature>
                        <name>ExtensionName</name>
                    </property>
                    <property>
                        <signature>string()</signature>
                        <name>ScriptName</name>
                    </property>
                </propertylist>
                <eventlist />
            </type>
            <type>
                <name>Keyfactor.Orchestrators.JobExtensionDrivers.JobExtensionDriver</name>
                <methodlist>
                    <method>
                        <signature>void(Keyfactor.Orchestrators.ScriptDrivers.IScriptDriver)</signature>
                        <name>.ctor</name>
                    </method>
                    <method>
                        <signature>Keyfactor.Orchestrators.Extensions.JobResult(int64, Keyfactor.Orchestrators.ScriptDrivers.ScriptResult)</signature>
                        <name>BuildJobResult</name>
                    </method>
                    <method>
                        <arity>2</arity>
                        <signature>System.Collections.Generic.Dictionary`2&lt;string,object&gt;(!!0, string, !!1)</signature>
                        <name>GetParameters</name>
                    </method>
                    <method>
                        <signature>string(string)</signature>
                        <name>GetScriptDirectory</name>
                        <newname>a</newname>
                    </method>
                    <method>
                        <signature>string(string, string)</signature>
                        <name>GetScriptLocation</name>
                    </method>
                    <method>
                        <signature>string(Keyfactor.Orchestrators.ScriptDrivers.ScriptResult)</signature>
                        <name>GetScriptMessage</name>
                        <newname>a</newname>
                    </method>
                    <method>
                        <signature>Keyfactor.Orchestrators.Common.Enums.OrchestratorJobStatusJobResult(Keyfactor.Orchestrators.ScriptDrivers.ScriptResult)</signature>
                        <name>GetScriptResultStatus</name>
                        <newname>b</newname>
                    </method>
                    <method>
                        <signature>Keyfactor.Orchestrators.ScriptDrivers.ScriptResult(string, System.Collections.Generic.Dictionary`2&lt;string,object&gt;, string[])</signature>
                        <name>RunScript</name>
                    </method>
                    <method>
                        <signature>Microsoft.Extensions.Logging.ILogger()</signature>
                        <name>get_Logger</name>
                    </method>
                    <method>
                        <signature>Keyfactor.Orchestrators.ScriptDrivers.IScriptDriver()</signature>
                        <name>get_ScriptDriver</name>
                    </method>
                    <method>
                        <signature>string()</signature>
                        <name>get_ScriptName</name>
                    </method>
                </methodlist>
                <fieldlist>
                    <field>
                        <signature>Microsoft.Extensions.Logging.ILogger</signature>
                        <name>&lt;Logger&gt;k__BackingField</name>
                        <newname>a</newname>
                    </field>
                    <field>
                        <signature>Keyfactor.Orchestrators.ScriptDrivers.IScriptDriver</signature>
                        <name>&lt;ScriptDriver&gt;k__BackingField</name>
                        <newname>b</newname>
                    </field>
                </fieldlist>
                <propertylist>
                    <property>
                        <signature>Microsoft.Extensions.Logging.ILogger()</signature>
                        <name>Logger</name>
                    </property>
                    <property>
                        <signature>Keyfactor.Orchestrators.ScriptDrivers.IScriptDriver()</signature>
                        <name>ScriptDriver</name>
                    </property>
                    <property>
                        <signature>string()</signature>
                        <name>ScriptName</name>
                    </property>
                </propertylist>
                <eventlist />
            </type>
            <type>
                <name>Keyfactor.Orchestrators.JobExtensionDrivers.ManagementJobExtensionDriver</name>
                <methodlist>
                    <method>
                        <signature>void(Keyfactor.Orchestrators.ScriptDrivers.IScriptDriver)</signature>
                        <name>.ctor</name>
                    </method>
                    <method>
                        <signature>string(Keyfactor.Orchestrators.Common.Enums.CertStoreOperationType)</signature>
                        <name>GetScriptName</name>
                        <newname>a</newname>
                    </method>
                    <method>
                        <signature>Keyfactor.Orchestrators.Extensions.JobResult(Keyfactor.Orchestrators.Extensions.ManagementJobConfiguration)</signature>
                        <name>ProcessJob</name>
                    </method>
                    <method>
                        <signature>string()</signature>
                        <name>get_ExtensionName</name>
                    </method>
                    <method>
                        <signature>string()</signature>
                        <name>get_ScriptName</name>
                    </method>
                </methodlist>
                <fieldlist />
                <propertylist>
                    <property>
                        <signature>string()</signature>
                        <name>ExtensionName</name>
                    </property>
                    <property>
                        <signature>string()</signature>
                        <name>ScriptName</name>
                    </property>
                </propertylist>
                <eventlist />
            </type>
            <type>
                <name>Keyfactor.Orchestrators.JobExtensionDrivers.ReenrollmentJobExtensionDriver</name>
                <methodlist>
                    <method>
                        <signature>void(Keyfactor.Orchestrators.ScriptDrivers.IScriptDriver)</signature>
                        <name>.ctor</name>
                    </method>
                    <method>
                        <signature>Keyfactor.Orchestrators.Extensions.JobResult(Keyfactor.Orchestrators.Extensions.ReenrollmentJobConfiguration, Keyfactor.Orchestrators.Extensions.SubmitReenrollmentCSR)</signature>
                        <name>ProcessJob</name>
                    </method>
                    <method>
                        <signature>string()</signature>
                        <name>get_ExtensionName</name>
                    </method>
                    <method>
                        <signature>string()</signature>
                        <name>get_ScriptName</name>
                    </method>
                </methodlist>
                <fieldlist />
                <propertylist>
                    <property>
                        <signature>string()</signature>
                        <name>ExtensionName</name>
                    </property>
                    <property>
                        <signature>string()</signature>
                        <name>ScriptName</name>
                    </property>
                </propertylist>
                <eventlist />
            </type>
        </module>
    </mapping>
    <statistics>
        <statisticline>
            <description>Total Classes</description>
            <statistic>5</statistic>
        </statisticline>
        <statisticline>
            <description>Total Methods</description>
            <statistic>28</statistic>
        </statisticline>
        <statisticline>
            <description>Total Fields</description>
            <statistic>2</statistic>
        </statisticline>
        <statisticline>
            <description>Total Properties</description>
            <statistic>11</statistic>
        </statisticline>
        <statisticline>
            <description>Total Events</description>
            <statistic>0</statistic>
        </statisticline>
        <statisticline>
            <description>Total Classes Renamed</description>
            <statistic>0</statistic>
            <statistic>0.00 %</statistic>
        </statisticline>
        <statisticline>
            <description>Total Methods Renamed</description>
            <statistic>4</statistic>
            <statistic>14.29 %</statistic>
        </statisticline>
        <statisticline>
            <description>Total Fields Renamed</description>
            <statistic>2</statistic>
            <statistic>100.00 %</statistic>
        </statisticline>
        <statisticline>
            <description>Total Properties Renamed</description>
            <statistic>0</statistic>
            <statistic>0.00 %</statistic>
        </statisticline>
        <statisticline>
            <description>Total Events Renamed</description>
            <statistic>0</statistic>
            <statistic>0.00 %</statistic>
        </statisticline>
        <statisticline>
            <description>Methods Renamed to 'a'</description>
            <statistic>3</statistic>
            <statistic>10.71 %</statistic>
        </statisticline>
        <statisticline>
            <description>Methods Renamed to 'b'</description>
            <statistic>1</statistic>
            <statistic>3.57 %</statistic>
        </statisticline>
    </statistics>
</dotfuscatorMap>