﻿<?xml version="1.0" encoding="utf-8"?>
<!DOCTYPE dotfuscatorMap SYSTEM "http://www.preemptive.com/dotfuscator/dtd/dotfuscatorMap_v1.2.dtd">
<dotfuscatorMap version="1.1">
    <header>
        <timestamp>2023-04-07T11:26:31</timestamp>
        <product version="6.5.1+9557e9e698" user="Jon.Proch@css-security.com">PreEmptive Protection Dotfuscator Professional</product>
    </header>
    <mapping>
        <module>
            <name>Keyfactor.Orchestrators.SSL.Contracts.dll</name>
            <type>
                <name>Keyfactor.Orchestrators.SSL.Contracts.SslScanCompleteRequest</name>
                <methodlist>
                    <method>
                        <signature>void()</signature>
                        <name>.ctor</name>
                    </method>
                    <method>
                        <signature>int32()</signature>
                        <name>get_Count_BadSslHandshake</name>
                    </method>
                    <method>
                        <signature>int32()</signature>
                        <name>get_Count_CertificateFound</name>
                    </method>
                    <method>
                        <signature>int32()</signature>
                        <name>get_Count_ConnectionRefused</name>
                    </method>
                    <method>
                        <signature>int32()</signature>
                        <name>get_Count_ExceptionConnecting</name>
                    </method>
                    <method>
                        <signature>int32()</signature>
                        <name>get_Count_ExceptionDownloading</name>
                    </method>
                    <method>
                        <signature>int32()</signature>
                        <name>get_Count_InvalidOrUnreachableHost</name>
                    </method>
                    <method>
                        <signature>int32()</signature>
                        <name>get_Count_NoCertificate</name>
                    </method>
                    <method>
                        <signature>int32()</signature>
                        <name>get_Count_NotSsl</name>
                    </method>
                    <method>
                        <signature>int32()</signature>
                        <name>get_Count_SslRefused</name>
                    </method>
                    <method>
                        <signature>int32()</signature>
                        <name>get_Count_TimedOutConnecting</name>
                    </method>
                    <method>
                        <signature>int32()</signature>
                        <name>get_Count_TimedOutDownloading</name>
                    </method>
                    <method>
                        <signature>int32()</signature>
                        <name>get_Count_TotalEndpoints</name>
                    </method>
                    <method>
                        <signature>System.Guid()</signature>
                        <name>get_NetworkId</name>
                    </method>
                    <method>
                        <signature>void(int32)</signature>
                        <name>set_Count_BadSslHandshake</name>
                    </method>
                    <method>
                        <signature>void(int32)</signature>
                        <name>set_Count_CertificateFound</name>
                    </method>
                    <method>
                        <signature>void(int32)</signature>
                        <name>set_Count_ConnectionRefused</name>
                    </method>
                    <method>
                        <signature>void(int32)</signature>
                        <name>set_Count_ExceptionConnecting</name>
                    </method>
                    <method>
                        <signature>void(int32)</signature>
                        <name>set_Count_ExceptionDownloading</name>
                    </method>
                    <method>
                        <signature>void(int32)</signature>
                        <name>set_Count_InvalidOrUnreachableHost</name>
                    </method>
                    <method>
                        <signature>void(int32)</signature>
                        <name>set_Count_NoCertificate</name>
                    </method>
                    <method>
                        <signature>void(int32)</signature>
                        <name>set_Count_NotSsl</name>
                    </method>
                    <method>
                        <signature>void(int32)</signature>
                        <name>set_Count_SslRefused</name>
                    </method>
                    <method>
                        <signature>void(int32)</signature>
                        <name>set_Count_TimedOutConnecting</name>
                    </method>
                    <method>
                        <signature>void(int32)</signature>
                        <name>set_Count_TimedOutDownloading</name>
                    </method>
                    <method>
                        <signature>void(int32)</signature>
                        <name>set_Count_TotalEndpoints</name>
                    </method>
                    <method>
                        <signature>void(System.Guid)</signature>
                        <name>set_NetworkId</name>
                    </method>
                </methodlist>
                <fieldlist>
                    <field>
                        <signature>int32</signature>
                        <name>&lt;Count_BadSslHandshake&gt;k__BackingField</name>
                        <newname>h</newname>
                    </field>
                    <field>
                        <signature>int32</signature>
                        <name>&lt;Count_CertificateFound&gt;k__BackingField</name>
                        <newname>j</newname>
                    </field>
                    <field>
                        <signature>int32</signature>
                        <name>&lt;Count_ConnectionRefused&gt;k__BackingField</name>
                        <newname>d</newname>
                    </field>
                    <field>
                        <signature>int32</signature>
                        <name>&lt;Count_ExceptionConnecting&gt;k__BackingField</name>
                        <newname>c</newname>
                    </field>
                    <field>
                        <signature>int32</signature>
                        <name>&lt;Count_ExceptionDownloading&gt;k__BackingField</name>
                        <newname>f</newname>
                    </field>
                    <field>
                        <signature>int32</signature>
                        <name>&lt;Count_InvalidOrUnreachableHost&gt;k__BackingField</name>
                        <newname>k</newname>
                    </field>
                    <field>
                        <signature>int32</signature>
                        <name>&lt;Count_NoCertificate&gt;k__BackingField</name>
                        <newname>l</newname>
                    </field>
                    <field>
                        <signature>int32</signature>
                        <name>&lt;Count_NotSsl&gt;k__BackingField</name>
                        <newname>g</newname>
                    </field>
                    <field>
                        <signature>int32</signature>
                        <name>&lt;Count_SslRefused&gt;k__BackingField</name>
                        <newname>i</newname>
                    </field>
                    <field>
                        <signature>int32</signature>
                        <name>&lt;Count_TimedOutConnecting&gt;k__BackingField</name>
                        <newname>b</newname>
                    </field>
                    <field>
                        <signature>int32</signature>
                        <name>&lt;Count_TimedOutDownloading&gt;k__BackingField</name>
                        <newname>e</newname>
                    </field>
                    <field>
                        <signature>int32</signature>
                        <name>&lt;Count_TotalEndpoints&gt;k__BackingField</name>
                        <newname>a</newname>
                    </field>
                    <field>
                        <signature>System.Guid</signature>
                        <name>&lt;NetworkId&gt;k__BackingField</name>
                        <newname>m</newname>
                    </field>
                </fieldlist>
                <propertylist>
                    <property>
                        <signature>int32()</signature>
                        <name>Count_BadSslHandshake</name>
                    </property>
                    <property>
                        <signature>int32()</signature>
                        <name>Count_CertificateFound</name>
                    </property>
                    <property>
                        <signature>int32()</signature>
                        <name>Count_ConnectionRefused</name>
                    </property>
                    <property>
                        <signature>int32()</signature>
                        <name>Count_ExceptionConnecting</name>
                    </property>
                    <property>
                        <signature>int32()</signature>
                        <name>Count_ExceptionDownloading</name>
                    </property>
                    <property>
                        <signature>int32()</signature>
                        <name>Count_InvalidOrUnreachableHost</name>
                    </property>
                    <property>
                        <signature>int32()</signature>
                        <name>Count_NoCertificate</name>
                    </property>
                    <property>
                        <signature>int32()</signature>
                        <name>Count_NotSsl</name>
                    </property>
                    <property>
                        <signature>int32()</signature>
                        <name>Count_SslRefused</name>
                    </property>
                    <property>
                        <signature>int32()</signature>
                        <name>Count_TimedOutConnecting</name>
                    </property>
                    <property>
                        <signature>int32()</signature>
                        <name>Count_TimedOutDownloading</name>
                    </property>
                    <property>
                        <signature>int32()</signature>
                        <name>Count_TotalEndpoints</name>
                    </property>
                    <property>
                        <signature>System.Guid()</signature>
                        <name>NetworkId</name>
                    </property>
                </propertylist>
                <eventlist />
            </type>
            <type>
                <name>Keyfactor.Orchestrators.SSL.Contracts.SslScanCompleteResponse</name>
                <methodlist>
                    <method>
                        <signature>void()</signature>
                        <name>.ctor</name>
                    </method>
                    <method>
                        <signature>bool()</signature>
                        <name>get_ShouldContinue</name>
                    </method>
                    <method>
                        <signature>void(bool)</signature>
                        <name>set_ShouldContinue</name>
                    </method>
                </methodlist>
                <fieldlist>
                    <field>
                        <signature>bool</signature>
                        <name>&lt;ShouldContinue&gt;k__BackingField</name>
                        <newname>a</newname>
                    </field>
                </fieldlist>
                <propertylist>
                    <property>
                        <signature>bool()</signature>
                        <name>ShouldContinue</name>
                    </property>
                </propertylist>
                <eventlist />
            </type>
            <type>
                <name>Keyfactor.Orchestrators.SSL.Contracts.SslScanConfigureResponse</name>
                <methodlist>
                    <method>
                        <signature>void()</signature>
                        <name>.ctor</name>
                    </method>
                    <method>
                        <signature>bool()</signature>
                        <name>get_GetRobots</name>
                    </method>
                    <method>
                        <signature>System.Collections.Generic.IEnumerable`1&lt;Keyfactor.Orchestrators.Extensions.SslScanJobPartDefinitionDto&gt;()</signature>
                        <name>get_JobParts</name>
                    </method>
                    <method>
                        <signature>System.Guid()</signature>
                        <name>get_NetworkId</name>
                    </method>
                    <method>
                        <signature>string()</signature>
                        <name>get_SSLScanUserAgent</name>
                    </method>
                    <method>
                        <signature>string()</signature>
                        <name>get_SubmitBatchEndpoint</name>
                    </method>
                    <method>
                        <signature>int32()</signature>
                        <name>get_SubmitBatchMaxSize</name>
                    </method>
                    <method>
                        <signature>System.TimeSpan()</signature>
                        <name>get_TcpConnectionTimeout</name>
                    </method>
                    <method>
                        <signature>void(bool)</signature>
                        <name>set_GetRobots</name>
                    </method>
                    <method>
                        <signature>void(System.Collections.Generic.IEnumerable`1&lt;Keyfactor.Orchestrators.Extensions.SslScanJobPartDefinitionDto&gt;)</signature>
                        <name>set_JobParts</name>
                    </method>
                    <method>
                        <signature>void(System.Guid)</signature>
                        <name>set_NetworkId</name>
                    </method>
                    <method>
                        <signature>void(string)</signature>
                        <name>set_SSLScanUserAgent</name>
                    </method>
                    <method>
                        <signature>void(string)</signature>
                        <name>set_SubmitBatchEndpoint</name>
                    </method>
                    <method>
                        <signature>void(int32)</signature>
                        <name>set_SubmitBatchMaxSize</name>
                    </method>
                    <method>
                        <signature>void(System.TimeSpan)</signature>
                        <name>set_TcpConnectionTimeout</name>
                    </method>
                </methodlist>
                <fieldlist>
                    <field>
                        <signature>bool</signature>
                        <name>&lt;GetRobots&gt;k__BackingField</name>
                        <newname>e</newname>
                    </field>
                    <field>
                        <signature>System.Collections.Generic.IEnumerable`1&lt;Keyfactor.Orchestrators.Extensions.SslScanJobPartDefinitionDto&gt;</signature>
                        <name>&lt;JobParts&gt;k__BackingField</name>
                        <newname>f</newname>
                    </field>
                    <field>
                        <signature>System.Guid</signature>
                        <name>&lt;NetworkId&gt;k__BackingField</name>
                        <newname>d</newname>
                    </field>
                    <field>
                        <signature>string</signature>
                        <name>&lt;SSLScanUserAgent&gt;k__BackingField</name>
                        <newname>c</newname>
                    </field>
                    <field>
                        <signature>string</signature>
                        <name>&lt;SubmitBatchEndpoint&gt;k__BackingField</name>
                        <newname>b</newname>
                    </field>
                    <field>
                        <signature>int32</signature>
                        <name>&lt;SubmitBatchMaxSize&gt;k__BackingField</name>
                        <newname>a</newname>
                    </field>
                    <field>
                        <signature>System.TimeSpan</signature>
                        <name>&lt;TcpConnectionTimeout&gt;k__BackingField</name>
                        <newname>g</newname>
                    </field>
                </fieldlist>
                <propertylist>
                    <property>
                        <signature>bool()</signature>
                        <name>GetRobots</name>
                    </property>
                    <property>
                        <signature>System.Collections.Generic.IEnumerable`1&lt;Keyfactor.Orchestrators.Extensions.SslScanJobPartDefinitionDto&gt;()</signature>
                        <name>JobParts</name>
                    </property>
                    <property>
                        <signature>System.Guid()</signature>
                        <name>NetworkId</name>
                    </property>
                    <property>
                        <signature>string()</signature>
                        <name>SSLScanUserAgent</name>
                    </property>
                    <property>
                        <signature>string()</signature>
                        <name>SubmitBatchEndpoint</name>
                    </property>
                    <property>
                        <signature>int32()</signature>
                        <name>SubmitBatchMaxSize</name>
                    </property>
                    <property>
                        <signature>System.TimeSpan()</signature>
                        <name>TcpConnectionTimeout</name>
                    </property>
                </propertylist>
                <eventlist />
            </type>
        </module>
    </mapping>
    <statistics>
        <statisticline>
            <description>Total Classes</description>
            <statistic>3</statistic>
        </statisticline>
        <statisticline>
            <description>Total Methods</description>
            <statistic>45</statistic>
        </statisticline>
        <statisticline>
            <description>Total Fields</description>
            <statistic>21</statistic>
        </statisticline>
        <statisticline>
            <description>Total Properties</description>
            <statistic>21</statistic>
        </statisticline>
        <statisticline>
            <description>Total Events</description>
            <statistic>0</statistic>
        </statisticline>
        <statisticline>
            <description>Total Classes Renamed</description>
            <statistic>0</statistic>
            <statistic>0.00 %</statistic>
        </statisticline>
        <statisticline>
            <description>Total Methods Renamed</description>
            <statistic>0</statistic>
            <statistic>0.00 %</statistic>
        </statisticline>
        <statisticline>
            <description>Total Fields Renamed</description>
            <statistic>21</statistic>
            <statistic>100.00 %</statistic>
        </statisticline>
        <statisticline>
            <description>Total Properties Renamed</description>
            <statistic>0</statistic>
            <statistic>0.00 %</statistic>
        </statisticline>
        <statisticline>
            <description>Total Events Renamed</description>
            <statistic>0</statistic>
            <statistic>0.00 %</statistic>
        </statisticline>
    </statistics>
</dotfuscatorMap>