﻿<?xml version="1.0" encoding="utf-8"?>
<!DOCTYPE dotfuscatorMap SYSTEM "http://www.preemptive.com/dotfuscator/dtd/dotfuscatorMap_v1.2.dtd">
<dotfuscatorMap version="1.1">
    <header>
        <timestamp>2023-05-26T18:42:12</timestamp>
        <product version="6.5.1+9557e9e698" user="Jon.Proch@css-security.com">PreEmptive Protection Dotfuscator Professional</product>
    </header>
    <mapping>
        <module>
            <name>Keyfactor.Orchestrators.SSL.dll</name>
            <type>
                <name>Keyfactor.Orchestrators.SSL.SslDiscoveryJobExtension</name>
                <methodlist>
                    <method>
                        <signature>void(Microsoft.Extensions.Logging.ILogger`1&lt;Keyfactor.Orchestrators.SSL.SslJobExtension&gt;, Microsoft.Extensions.Configuration.IConfiguration)</signature>
                        <name>.ctor</name>
                    </method>
                    <method>
                        <signature>Keyfactor.Orchestrators.Common.Enums.SslJobType()</signature>
                        <name>get_JobType</name>
                    </method>
                </methodlist>
                <fieldlist />
                <propertylist>
                    <property>
                        <signature>Keyfactor.Orchestrators.Common.Enums.SslJobType()</signature>
                        <name>JobType</name>
                    </property>
                </propertylist>
                <eventlist />
            </type>
            <type>
                <name>Keyfactor.Orchestrators.SSL.SslJobExtension</name>
                <methodlist>
                    <method>
                        <signature>void(Microsoft.Extensions.Logging.ILogger`1&lt;Keyfactor.Orchestrators.SSL.SslJobExtension&gt;, Microsoft.Extensions.Configuration.IConfiguration)</signature>
                        <name>.ctor</name>
                    </method>
                    <method>
                        <signature>Keyfactor.Orchestrators.Extensions.JobResult(Keyfactor.Orchestrators.Extensions.JobConfiguration, Keyfactor.Orchestrators.Extensions.SubmitSslJobBatch, System.Threading.CancellationToken)</signature>
                        <name>ProcessJob</name>
                    </method>
                    <method>
                        <signature>string()</signature>
                        <name>get_ExtensionName</name>
                    </method>
                    <method>
                        <signature>Keyfactor.Orchestrators.Common.Enums.SslJobType()</signature>
                        <name>get_JobType</name>
                    </method>
                    <method>
                        <signature>Microsoft.Extensions.Logging.ILogger()</signature>
                        <name>get__logger</name>
                        <newname>b</newname>
                    </method>
                    <method>
                        <signature>Keyfactor.Orchestrators.Core.Configuration.SslConfigurationOptions()</signature>
                        <name>get__sslSettings</name>
                        <newname>a</newname>
                    </method>
                </methodlist>
                <fieldlist>
                    <field>
                        <signature>Microsoft.Extensions.Logging.ILogger</signature>
                        <name>&lt;_logger&gt;k__BackingField</name>
                        <newname>a</newname>
                    </field>
                    <field>
                        <signature>Keyfactor.Orchestrators.Core.Configuration.SslConfigurationOptions</signature>
                        <name>&lt;_sslSettings&gt;k__BackingField</name>
                        <newname>b</newname>
                    </field>
                </fieldlist>
                <propertylist>
                    <property>
                        <signature>string()</signature>
                        <name>ExtensionName</name>
                    </property>
                    <property>
                        <signature>Keyfactor.Orchestrators.Common.Enums.SslJobType()</signature>
                        <name>JobType</name>
                    </property>
                    <property>
                        <signature>Microsoft.Extensions.Logging.ILogger()</signature>
                        <name>_logger</name>
                    </property>
                    <property>
                        <signature>Keyfactor.Orchestrators.Core.Configuration.SslConfigurationOptions()</signature>
                        <name>_sslSettings</name>
                    </property>
                </propertylist>
                <eventlist />
            </type>
            <type>
                <name>Keyfactor.Orchestrators.SSL.SslMonitoringJobExtension</name>
                <methodlist>
                    <method>
                        <signature>void(Microsoft.Extensions.Logging.ILogger`1&lt;Keyfactor.Orchestrators.SSL.SslJobExtension&gt;, Microsoft.Extensions.Configuration.IConfiguration)</signature>
                        <name>.ctor</name>
                    </method>
                    <method>
                        <signature>Keyfactor.Orchestrators.Common.Enums.SslJobType()</signature>
                        <name>get_JobType</name>
                    </method>
                </methodlist>
                <fieldlist />
                <propertylist>
                    <property>
                        <signature>Keyfactor.Orchestrators.Common.Enums.SslJobType()</signature>
                        <name>JobType</name>
                    </property>
                </propertylist>
                <eventlist />
            </type>
        </module>
    </mapping>
    <statistics>
        <statisticline>
            <description>Total Classes</description>
            <statistic>3</statistic>
        </statisticline>
        <statisticline>
            <description>Total Methods</description>
            <statistic>10</statistic>
        </statisticline>
        <statisticline>
            <description>Total Fields</description>
            <statistic>2</statistic>
        </statisticline>
        <statisticline>
            <description>Total Properties</description>
            <statistic>6</statistic>
        </statisticline>
        <statisticline>
            <description>Total Events</description>
            <statistic>0</statistic>
        </statisticline>
        <statisticline>
            <description>Total Classes Renamed</description>
            <statistic>0</statistic>
            <statistic>0.00 %</statistic>
        </statisticline>
        <statisticline>
            <description>Total Methods Renamed</description>
            <statistic>2</statistic>
            <statistic>20.00 %</statistic>
        </statisticline>
        <statisticline>
            <description>Total Fields Renamed</description>
            <statistic>2</statistic>
            <statistic>100.00 %</statistic>
        </statisticline>
        <statisticline>
            <description>Total Properties Renamed</description>
            <statistic>0</statistic>
            <statistic>0.00 %</statistic>
        </statisticline>
        <statisticline>
            <description>Total Events Renamed</description>
            <statistic>0</statistic>
            <statistic>0.00 %</statistic>
        </statisticline>
        <statisticline>
            <description>Methods Renamed to 'a'</description>
            <statistic>1</statistic>
            <statistic>10.00 %</statistic>
        </statisticline>
        <statisticline>
            <description>Methods Renamed to 'b'</description>
            <statistic>1</statistic>
            <statistic>10.00 %</statistic>
        </statisticline>
    </statistics>
</dotfuscatorMap>