﻿<?xml version="1.0" encoding="utf-8"?>
<!DOCTYPE dotfuscatorMap SYSTEM "http://www.preemptive.com/dotfuscator/dtd/dotfuscatorMap_v1.2.dtd">
<dotfuscatorMap version="1.1">
    <header>
        <timestamp>2023-05-26T18:39:17</timestamp>
        <product version="6.5.1+9557e9e698" user="Jon.Proch@css-security.com">PreEmptive Protection Dotfuscator Professional</product>
    </header>
    <mapping>
        <module>
            <name>Keyfactor.Orchestrators.IScriptDriver.dll</name>
            <type>
                <name>Keyfactor.Orchestrators.ScriptDrivers.IScriptDriver</name>
                <methodlist>
                    <method>
                        <arity>1</arity>
                        <signature>Keyfactor.Orchestrators.ScriptDrivers.ScriptResult(string, !!0)</signature>
                        <name>Run</name>
                    </method>
                    <method>
                        <signature>Keyfactor.Orchestrators.ScriptDrivers.ScriptResult(string, System.Collections.Generic.Dictionary`2&lt;string,object&gt;, string[])</signature>
                        <name>Run</name>
                    </method>
                    <method>
                        <signature>System.Collections.Generic.IEnumerable`1&lt;object&gt;(string, string, System.Collections.Generic.Dictionary`2&lt;string,object&gt;, Keyfactor.Orchestrators.Models.ClientMachine)</signature>
                        <name>RunRemote</name>
                    </method>
                </methodlist>
                <fieldlist />
                <propertylist />
                <eventlist />
            </type>
            <type>
                <name>Keyfactor.Orchestrators.ScriptDrivers.ScriptDriverUtilities</name>
                <methodlist>
                    <method>
                        <signature>System.Collections.Generic.Dictionary`2&lt;string,object&gt;(object)</signature>
                        <name>SerializeObject</name>
                    </method>
                </methodlist>
                <fieldlist />
                <propertylist />
                <eventlist />
            </type>
            <type>
                <name>Keyfactor.Orchestrators.ScriptDrivers.ScriptResult</name>
                <methodlist>
                    <method>
                        <signature>void()</signature>
                        <name>.ctor</name>
                    </method>
                    <method>
                        <signature>System.Collections.Generic.Dictionary`2&lt;string,object&gt;()</signature>
                        <name>get_Data</name>
                    </method>
                    <method>
                        <signature>string()</signature>
                        <name>get_Message</name>
                    </method>
                    <method>
                        <signature>bool()</signature>
                        <name>get_Success</name>
                    </method>
                    <method>
                        <signature>void(System.Collections.Generic.Dictionary`2&lt;string,object&gt;)</signature>
                        <name>set_Data</name>
                    </method>
                    <method>
                        <signature>void(string)</signature>
                        <name>set_Message</name>
                    </method>
                    <method>
                        <signature>void(bool)</signature>
                        <name>set_Success</name>
                    </method>
                </methodlist>
                <fieldlist>
                    <field>
                        <signature>System.Collections.Generic.Dictionary`2&lt;string,object&gt;</signature>
                        <name>&lt;Data&gt;k__BackingField</name>
                        <newname>c</newname>
                    </field>
                    <field>
                        <signature>string</signature>
                        <name>&lt;Message&gt;k__BackingField</name>
                        <newname>b</newname>
                    </field>
                    <field>
                        <signature>bool</signature>
                        <name>&lt;Success&gt;k__BackingField</name>
                        <newname>a</newname>
                    </field>
                </fieldlist>
                <propertylist>
                    <property>
                        <signature>System.Collections.Generic.Dictionary`2&lt;string,object&gt;()</signature>
                        <name>Data</name>
                    </property>
                    <property>
                        <signature>string()</signature>
                        <name>Message</name>
                    </property>
                    <property>
                        <signature>bool()</signature>
                        <name>Success</name>
                    </property>
                </propertylist>
                <eventlist />
            </type>
        </module>
    </mapping>
    <statistics>
        <statisticline>
            <description>Total Classes</description>
            <statistic>3</statistic>
        </statisticline>
        <statisticline>
            <description>Total Methods</description>
            <statistic>11</statistic>
        </statisticline>
        <statisticline>
            <description>Total Fields</description>
            <statistic>3</statistic>
        </statisticline>
        <statisticline>
            <description>Total Properties</description>
            <statistic>3</statistic>
        </statisticline>
        <statisticline>
            <description>Total Events</description>
            <statistic>0</statistic>
        </statisticline>
        <statisticline>
            <description>Total Classes Renamed</description>
            <statistic>0</statistic>
            <statistic>0.00 %</statistic>
        </statisticline>
        <statisticline>
            <description>Total Methods Renamed</description>
            <statistic>0</statistic>
            <statistic>0.00 %</statistic>
        </statisticline>
        <statisticline>
            <description>Total Fields Renamed</description>
            <statistic>3</statistic>
            <statistic>100.00 %</statistic>
        </statisticline>
        <statisticline>
            <description>Total Properties Renamed</description>
            <statistic>0</statistic>
            <statistic>0.00 %</statistic>
        </statisticline>
        <statisticline>
            <description>Total Events Renamed</description>
            <statistic>0</statistic>
            <statistic>0.00 %</statistic>
        </statisticline>
    </statistics>
</dotfuscatorMap>