﻿<?xml version="1.0" encoding="utf-8"?>
<!DOCTYPE dotfuscatorMap SYSTEM "http://www.preemptive.com/dotfuscator/dtd/dotfuscatorMap_v1.2.dtd">
<dotfuscatorMap version="1.1">
    <header>
        <timestamp>2023-05-26T18:44:15</timestamp>
        <product version="6.5.1+9557e9e698" user="Jon.Proch@css-security.com">PreEmptive Protection Dotfuscator Professional</product>
    </header>
    <mapping>
        <module>
            <name>Keyfactor.Orchestrators.BashDriver.dll</name>
            <type>
                <name>Keyfactor.Orchestrators.ScriptDrivers.BashDriver</name>
                <methodlist>
                    <method>
                        <signature>void(Microsoft.Extensions.Options.IOptions`1&lt;Keyfactor.Orchestrators.Core.Configuration.OrchestratorOptions&gt;)</signature>
                        <name>.ctor</name>
                    </method>
                    <method>
                        <signature>string(System.Diagnostics.Process)</signature>
                        <name>HandleBashError</name>
                        <newname>a</newname>
                    </method>
                    <method>
                        <arity>1</arity>
                        <signature>Keyfactor.Orchestrators.ScriptDrivers.ScriptResult(string, !!0)</signature>
                        <name>Run</name>
                    </method>
                    <method>
                        <signature>Keyfactor.Orchestrators.ScriptDrivers.ScriptResult(string, System.Collections.Generic.Dictionary`2&lt;string,object&gt;, string[])</signature>
                        <name>Run</name>
                    </method>
                    <method>
                        <signature>System.Collections.Generic.IEnumerable`1&lt;object&gt;(string, string, System.Collections.Generic.Dictionary`2&lt;string,object&gt;, Keyfactor.Orchestrators.Models.ClientMachine)</signature>
                        <name>RunRemote</name>
                    </method>
                    <method>
                        <signature>Microsoft.Extensions.Logging.ILogger()</signature>
                        <name>get__logger</name>
                        <newname>a</newname>
                    </method>
                    <method>
                        <signature>Keyfactor.Orchestrators.Core.Configuration.OrchestratorOptions()</signature>
                        <name>get__orchestratorSettings</name>
                        <newname>b</newname>
                    </method>
                </methodlist>
                <fieldlist>
                    <field>
                        <signature>Microsoft.Extensions.Logging.ILogger</signature>
                        <name>&lt;_logger&gt;k__BackingField</name>
                        <newname>b</newname>
                    </field>
                    <field>
                        <signature>Keyfactor.Orchestrators.Core.Configuration.OrchestratorOptions</signature>
                        <name>&lt;_orchestratorSettings&gt;k__BackingField</name>
                        <newname>a</newname>
                    </field>
                </fieldlist>
                <propertylist>
                    <property>
                        <signature>Microsoft.Extensions.Logging.ILogger()</signature>
                        <name>_logger</name>
                    </property>
                    <property>
                        <signature>Keyfactor.Orchestrators.Core.Configuration.OrchestratorOptions()</signature>
                        <name>_orchestratorSettings</name>
                    </property>
                </propertylist>
                <eventlist />
            </type>
        </module>
    </mapping>
    <statistics>
        <statisticline>
            <description>Total Classes</description>
            <statistic>1</statistic>
        </statisticline>
        <statisticline>
            <description>Total Methods</description>
            <statistic>7</statistic>
        </statisticline>
        <statisticline>
            <description>Total Fields</description>
            <statistic>2</statistic>
        </statisticline>
        <statisticline>
            <description>Total Properties</description>
            <statistic>2</statistic>
        </statisticline>
        <statisticline>
            <description>Total Events</description>
            <statistic>0</statistic>
        </statisticline>
        <statisticline>
            <description>Total Classes Renamed</description>
            <statistic>0</statistic>
            <statistic>0.00 %</statistic>
        </statisticline>
        <statisticline>
            <description>Total Methods Renamed</description>
            <statistic>3</statistic>
            <statistic>42.86 %</statistic>
        </statisticline>
        <statisticline>
            <description>Total Fields Renamed</description>
            <statistic>2</statistic>
            <statistic>100.00 %</statistic>
        </statisticline>
        <statisticline>
            <description>Total Properties Renamed</description>
            <statistic>0</statistic>
            <statistic>0.00 %</statistic>
        </statisticline>
        <statisticline>
            <description>Total Events Renamed</description>
            <statistic>0</statistic>
            <statistic>0.00 %</statistic>
        </statisticline>
        <statisticline>
            <description>Methods Renamed to 'a'</description>
            <statistic>2</statistic>
            <statistic>28.57 %</statistic>
        </statisticline>
        <statisticline>
            <description>Methods Renamed to 'b'</description>
            <statistic>1</statistic>
            <statistic>14.29 %</statistic>
        </statisticline>
    </statistics>
</dotfuscatorMap>