﻿<?xml version="1.0" encoding="utf-8"?>
<!DOCTYPE dotfuscatorMap SYSTEM "http://www.preemptive.com/dotfuscator/dtd/dotfuscatorMap_v1.2.dtd">
<dotfuscatorMap version="1.1">
    <header>
        <timestamp>2023-05-26T18:37:16</timestamp>
        <product version="6.5.1+9557e9e698" user="Jon.Proch@css-security.com">PreEmptive Protection Dotfuscator Professional</product>
    </header>
    <mapping>
        <module>
            <name>Keyfactor.Orchestrators.Models.dll</name>
            <type>
                <name>Keyfactor.Orchestrators.Models.ClientMachine</name>
                <methodlist>
                    <method>
                        <signature>void()</signature>
                        <name>.ctor</name>
                    </method>
                    <method>
                        <signature>string()</signature>
                        <name>get_Name</name>
                    </method>
                    <method>
                        <signature>bool()</signature>
                        <name>get_UseSsl</name>
                    </method>
                    <method>
                        <signature>void(string)</signature>
                        <name>set_Name</name>
                    </method>
                    <method>
                        <signature>void(bool)</signature>
                        <name>set_UseSsl</name>
                    </method>
                </methodlist>
                <fieldlist>
                    <field>
                        <signature>string</signature>
                        <name>&lt;Name&gt;k__BackingField</name>
                        <newname>a</newname>
                    </field>
                    <field>
                        <signature>bool</signature>
                        <name>&lt;UseSsl&gt;k__BackingField</name>
                        <newname>b</newname>
                    </field>
                </fieldlist>
                <propertylist>
                    <property>
                        <signature>string()</signature>
                        <name>Name</name>
                    </property>
                    <property>
                        <signature>bool()</signature>
                        <name>UseSsl</name>
                    </property>
                </propertylist>
                <eventlist />
            </type>
            <type>
                <name>Keyfactor.Orchestrators.Models.Contracts.Requests.CertStoreDiscoveryUpdateRequest</name>
                <methodlist>
                    <method>
                        <signature>void()</signature>
                        <name>.ctor</name>
                    </method>
                    <method>
                        <signature>System.Collections.Generic.IEnumerable`1&lt;string&gt;()</signature>
                        <name>get_Stores</name>
                    </method>
                    <method>
                        <signature>void(System.Collections.Generic.IEnumerable`1&lt;string&gt;)</signature>
                        <name>set_Stores</name>
                    </method>
                </methodlist>
                <fieldlist>
                    <field>
                        <signature>System.Collections.Generic.IEnumerable`1&lt;string&gt;</signature>
                        <name>&lt;Stores&gt;k__BackingField</name>
                        <newname>a</newname>
                    </field>
                </fieldlist>
                <propertylist>
                    <property>
                        <signature>System.Collections.Generic.IEnumerable`1&lt;string&gt;()</signature>
                        <name>Stores</name>
                    </property>
                </propertylist>
                <eventlist />
            </type>
            <type>
                <name>Keyfactor.Orchestrators.Models.Contracts.Requests.CertStoreInventoryUpdateRequest</name>
                <methodlist>
                    <method>
                        <signature>void()</signature>
                        <name>.ctor</name>
                    </method>
                    <method>
                        <signature>System.Collections.Generic.List`1&lt;Keyfactor.Orchestrators.Extensions.CurrentInventoryItem&gt;()</signature>
                        <name>get_Inventory</name>
                    </method>
                    <method>
                        <signature>void(System.Collections.Generic.List`1&lt;Keyfactor.Orchestrators.Extensions.CurrentInventoryItem&gt;)</signature>
                        <name>set_Inventory</name>
                    </method>
                </methodlist>
                <fieldlist>
                    <field>
                        <signature>System.Collections.Generic.List`1&lt;Keyfactor.Orchestrators.Extensions.CurrentInventoryItem&gt;</signature>
                        <name>&lt;Inventory&gt;k__BackingField</name>
                        <newname>a</newname>
                    </field>
                </fieldlist>
                <propertylist>
                    <property>
                        <signature>System.Collections.Generic.List`1&lt;Keyfactor.Orchestrators.Extensions.CurrentInventoryItem&gt;()</signature>
                        <name>Inventory</name>
                    </property>
                </propertylist>
                <eventlist />
            </type>
            <type>
                <name>Keyfactor.Orchestrators.Models.Contracts.Requests.CertStoreReenrollmentSubmitRequest</name>
                <methodlist>
                    <method>
                        <signature>void()</signature>
                        <name>.ctor</name>
                    </method>
                    <method>
                        <signature>string()</signature>
                        <name>get_CSRText</name>
                    </method>
                    <method>
                        <signature>System.Collections.Generic.Dictionary`2&lt;string,object&gt;()</signature>
                        <name>get_ClientParameters</name>
                    </method>
                    <method>
                        <signature>void(string)</signature>
                        <name>set_CSRText</name>
                    </method>
                    <method>
                        <signature>void(System.Collections.Generic.Dictionary`2&lt;string,object&gt;)</signature>
                        <name>set_ClientParameters</name>
                    </method>
                </methodlist>
                <fieldlist>
                    <field>
                        <signature>string</signature>
                        <name>&lt;CSRText&gt;k__BackingField</name>
                        <newname>a</newname>
                    </field>
                    <field>
                        <signature>System.Collections.Generic.Dictionary`2&lt;string,object&gt;</signature>
                        <name>&lt;ClientParameters&gt;k__BackingField</name>
                        <newname>b</newname>
                    </field>
                </fieldlist>
                <propertylist>
                    <property>
                        <signature>string()</signature>
                        <name>CSRText</name>
                    </property>
                    <property>
                        <signature>System.Collections.Generic.Dictionary`2&lt;string,object&gt;()</signature>
                        <name>ClientParameters</name>
                    </property>
                </propertylist>
                <eventlist />
            </type>
            <type>
                <name>Keyfactor.Orchestrators.Models.Contracts.Requests.CertificateAuthoritySyncJobCompleteRequest</name>
                <methodlist>
                    <method>
                        <signature>void()</signature>
                        <name>.ctor</name>
                    </method>
                    <method>
                        <signature>int32()</signature>
                        <name>get_RecordsSynced</name>
                    </method>
                    <method>
                        <signature>void(int32)</signature>
                        <name>set_RecordsSynced</name>
                    </method>
                </methodlist>
                <fieldlist>
                    <field>
                        <signature>int32</signature>
                        <name>&lt;RecordsSynced&gt;k__BackingField</name>
                        <newname>a</newname>
                    </field>
                </fieldlist>
                <propertylist>
                    <property>
                        <signature>int32()</signature>
                        <name>RecordsSynced</name>
                    </property>
                </propertylist>
                <eventlist />
            </type>
            <type>
                <name>Keyfactor.Orchestrators.Models.Contracts.Requests.CustomJobSubmitRequest</name>
                <methodlist>
                    <method>
                        <signature>void()</signature>
                        <name>.ctor</name>
                    </method>
                    <method>
                        <signature>string()</signature>
                        <name>get_Data</name>
                    </method>
                    <method>
                        <signature>int64()</signature>
                        <name>get_JobHistoryId</name>
                    </method>
                    <method>
                        <signature>void(string)</signature>
                        <name>set_Data</name>
                    </method>
                    <method>
                        <signature>void(int64)</signature>
                        <name>set_JobHistoryId</name>
                    </method>
                </methodlist>
                <fieldlist>
                    <field>
                        <signature>string</signature>
                        <name>&lt;Data&gt;k__BackingField</name>
                        <newname>b</newname>
                    </field>
                    <field>
                        <signature>int64</signature>
                        <name>&lt;JobHistoryId&gt;k__BackingField</name>
                        <newname>a</newname>
                    </field>
                </fieldlist>
                <propertylist>
                    <property>
                        <signature>string()</signature>
                        <name>Data</name>
                    </property>
                    <property>
                        <signature>int64()</signature>
                        <name>JobHistoryId</name>
                    </property>
                </propertylist>
                <eventlist />
            </type>
            <type>
                <name>Keyfactor.Orchestrators.Models.Contracts.Requests.JobCompleteRequest</name>
                <methodlist>
                    <method>
                        <signature>void()</signature>
                        <name>.ctor</name>
                    </method>
                    <method>
                        <signature>int64()</signature>
                        <name>get_AuditId</name>
                    </method>
                    <method>
                        <signature>string()</signature>
                        <name>get_Message</name>
                    </method>
                    <method>
                        <signature>Keyfactor.Orchestrators.Common.Enums.OrchestratorJobStatusJobResult()</signature>
                        <name>get_Result</name>
                    </method>
                    <method>
                        <signature>void(int64)</signature>
                        <name>set_AuditId</name>
                    </method>
                    <method>
                        <signature>void(string)</signature>
                        <name>set_Message</name>
                    </method>
                    <method>
                        <signature>void(Keyfactor.Orchestrators.Common.Enums.OrchestratorJobStatusJobResult)</signature>
                        <name>set_Result</name>
                    </method>
                </methodlist>
                <fieldlist>
                    <field>
                        <signature>int64</signature>
                        <name>&lt;AuditId&gt;k__BackingField</name>
                        <newname>c</newname>
                    </field>
                    <field>
                        <signature>string</signature>
                        <name>&lt;Message&gt;k__BackingField</name>
                        <newname>b</newname>
                    </field>
                    <field>
                        <signature>Keyfactor.Orchestrators.Common.Enums.OrchestratorJobStatusJobResult</signature>
                        <name>&lt;Result&gt;k__BackingField</name>
                        <newname>a</newname>
                    </field>
                </fieldlist>
                <propertylist>
                    <property>
                        <signature>int64()</signature>
                        <name>AuditId</name>
                    </property>
                    <property>
                        <signature>string()</signature>
                        <name>Message</name>
                    </property>
                    <property>
                        <signature>Keyfactor.Orchestrators.Common.Enums.OrchestratorJobStatusJobResult()</signature>
                        <name>Result</name>
                    </property>
                </propertylist>
                <eventlist />
            </type>
            <type>
                <name>Keyfactor.Orchestrators.Models.Contracts.Requests.JobRequestBase</name>
                <methodlist>
                    <method>
                        <signature>void()</signature>
                        <name>.ctor</name>
                    </method>
                    <method>
                        <signature>System.Guid()</signature>
                        <name>get_JobId</name>
                    </method>
                    <method>
                        <signature>System.Guid()</signature>
                        <name>get_SessionToken</name>
                    </method>
                    <method>
                        <signature>void(System.Guid)</signature>
                        <name>set_JobId</name>
                    </method>
                    <method>
                        <signature>void(System.Guid)</signature>
                        <name>set_SessionToken</name>
                    </method>
                </methodlist>
                <fieldlist>
                    <field>
                        <signature>System.Guid</signature>
                        <name>&lt;JobId&gt;k__BackingField</name>
                        <newname>b</newname>
                    </field>
                    <field>
                        <signature>System.Guid</signature>
                        <name>&lt;SessionToken&gt;k__BackingField</name>
                        <newname>a</newname>
                    </field>
                </fieldlist>
                <propertylist>
                    <property>
                        <signature>System.Guid()</signature>
                        <name>JobId</name>
                    </property>
                    <property>
                        <signature>System.Guid()</signature>
                        <name>SessionToken</name>
                    </property>
                </propertylist>
                <eventlist />
            </type>
            <type>
                <name>Keyfactor.Orchestrators.Models.Contracts.Requests.SessionHeartBeatRequest</name>
                <methodlist>
                    <method>
                        <signature>void()</signature>
                        <name>.ctor</name>
                    </method>
                    <method>
                        <signature>int16()</signature>
                        <name>get_AgentPlatform</name>
                    </method>
                    <method>
                        <signature>string()</signature>
                        <name>get_ClientMachine</name>
                    </method>
                    <method>
                        <signature>System.Guid()</signature>
                        <name>get_SessionToken</name>
                    </method>
                    <method>
                        <signature>void(int16)</signature>
                        <name>set_AgentPlatform</name>
                    </method>
                    <method>
                        <signature>void(string)</signature>
                        <name>set_ClientMachine</name>
                    </method>
                    <method>
                        <signature>void(System.Guid)</signature>
                        <name>set_SessionToken</name>
                    </method>
                </methodlist>
                <fieldlist>
                    <field>
                        <signature>int16</signature>
                        <name>&lt;AgentPlatform&gt;k__BackingField</name>
                        <newname>c</newname>
                    </field>
                    <field>
                        <signature>string</signature>
                        <name>&lt;ClientMachine&gt;k__BackingField</name>
                        <newname>b</newname>
                    </field>
                    <field>
                        <signature>System.Guid</signature>
                        <name>&lt;SessionToken&gt;k__BackingField</name>
                        <newname>a</newname>
                    </field>
                </fieldlist>
                <propertylist>
                    <property>
                        <signature>int16()</signature>
                        <name>AgentPlatform</name>
                    </property>
                    <property>
                        <signature>string()</signature>
                        <name>ClientMachine</name>
                    </property>
                    <property>
                        <signature>System.Guid()</signature>
                        <name>SessionToken</name>
                    </property>
                </propertylist>
                <eventlist />
            </type>
            <type>
                <name>Keyfactor.Orchestrators.Models.Contracts.Requests.SessionHeartBeatResponse</name>
                <methodlist>
                    <method>
                        <signature>void()</signature>
                        <name>.ctor</name>
                    </method>
                    <method>
                        <signature>bool()</signature>
                        <name>get_CertificateNeeded</name>
                    </method>
                    <method>
                        <signature>int32()</signature>
                        <name>get_HeartbeatInterval</name>
                    </method>
                    <method>
                        <signature>Keyfactor.Orchestrators.Models.RequestResult()</signature>
                        <name>get_Result</name>
                    </method>
                    <method>
                        <signature>System.DateTime()</signature>
                        <name>get_ServerTime</name>
                    </method>
                    <method>
                        <signature>bool()</signature>
                        <name>get_SessionValid</name>
                    </method>
                    <method>
                        <signature>void(bool)</signature>
                        <name>set_CertificateNeeded</name>
                    </method>
                    <method>
                        <signature>void(int32)</signature>
                        <name>set_HeartbeatInterval</name>
                    </method>
                    <method>
                        <signature>void(Keyfactor.Orchestrators.Models.RequestResult)</signature>
                        <name>set_Result</name>
                    </method>
                    <method>
                        <signature>void(System.DateTime)</signature>
                        <name>set_ServerTime</name>
                    </method>
                    <method>
                        <signature>void(bool)</signature>
                        <name>set_SessionValid</name>
                    </method>
                </methodlist>
                <fieldlist>
                    <field>
                        <signature>bool</signature>
                        <name>&lt;CertificateNeeded&gt;k__BackingField</name>
                        <newname>e</newname>
                    </field>
                    <field>
                        <signature>int32</signature>
                        <name>&lt;HeartbeatInterval&gt;k__BackingField</name>
                        <newname>b</newname>
                    </field>
                    <field>
                        <signature>Keyfactor.Orchestrators.Models.RequestResult</signature>
                        <name>&lt;Result&gt;k__BackingField</name>
                        <newname>a</newname>
                    </field>
                    <field>
                        <signature>System.DateTime</signature>
                        <name>&lt;ServerTime&gt;k__BackingField</name>
                        <newname>d</newname>
                    </field>
                    <field>
                        <signature>bool</signature>
                        <name>&lt;SessionValid&gt;k__BackingField</name>
                        <newname>c</newname>
                    </field>
                </fieldlist>
                <propertylist>
                    <property>
                        <signature>bool()</signature>
                        <name>CertificateNeeded</name>
                    </property>
                    <property>
                        <signature>int32()</signature>
                        <name>HeartbeatInterval</name>
                    </property>
                    <property>
                        <signature>Keyfactor.Orchestrators.Models.RequestResult()</signature>
                        <name>Result</name>
                    </property>
                    <property>
                        <signature>System.DateTime()</signature>
                        <name>ServerTime</name>
                    </property>
                    <property>
                        <signature>bool()</signature>
                        <name>SessionValid</name>
                    </property>
                </propertylist>
                <eventlist />
            </type>
            <type>
                <name>Keyfactor.Orchestrators.Models.Contracts.Requests.SessionRegisterRequest</name>
                <methodlist>
                    <method>
                        <signature>void()</signature>
                        <name>.ctor</name>
                    </method>
                    <method>
                        <signature>System.Nullable`1&lt;System.Guid&gt;()</signature>
                        <name>get_AgentId</name>
                    </method>
                    <method>
                        <signature>int16()</signature>
                        <name>get_AgentPlatform</name>
                    </method>
                    <method>
                        <signature>System.Nullable`1&lt;unsigned int64&gt;()</signature>
                        <name>get_AgentVersion</name>
                    </method>
                    <method>
                        <signature>string()</signature>
                        <name>get_CSR</name>
                    </method>
                    <method>
                        <signature>System.Collections.Generic.List`1&lt;string&gt;()</signature>
                        <name>get_Capabilities</name>
                    </method>
                    <method>
                        <signature>string()</signature>
                        <name>get_ClientMachine</name>
                    </method>
                    <method>
                        <signature>System.Collections.Generic.Dictionary`2&lt;string,string&gt;()</signature>
                        <name>get_ClientParameters</name>
                    </method>
                    <method>
                        <signature>void(System.Nullable`1&lt;System.Guid&gt;)</signature>
                        <name>set_AgentId</name>
                    </method>
                    <method>
                        <signature>void(int16)</signature>
                        <name>set_AgentPlatform</name>
                    </method>
                    <method>
                        <signature>void(System.Nullable`1&lt;unsigned int64&gt;)</signature>
                        <name>set_AgentVersion</name>
                    </method>
                    <method>
                        <signature>void(string)</signature>
                        <name>set_CSR</name>
                    </method>
                    <method>
                        <signature>void(System.Collections.Generic.List`1&lt;string&gt;)</signature>
                        <name>set_Capabilities</name>
                    </method>
                    <method>
                        <signature>void(string)</signature>
                        <name>set_ClientMachine</name>
                    </method>
                    <method>
                        <signature>void(System.Collections.Generic.Dictionary`2&lt;string,string&gt;)</signature>
                        <name>set_ClientParameters</name>
                    </method>
                </methodlist>
                <fieldlist>
                    <field>
                        <signature>System.Nullable`1&lt;System.Guid&gt;</signature>
                        <name>&lt;AgentId&gt;k__BackingField</name>
                        <newname>a</newname>
                    </field>
                    <field>
                        <signature>int16</signature>
                        <name>&lt;AgentPlatform&gt;k__BackingField</name>
                        <newname>c</newname>
                    </field>
                    <field>
                        <signature>System.Nullable`1&lt;unsigned int64&gt;</signature>
                        <name>&lt;AgentVersion&gt;k__BackingField</name>
                        <newname>e</newname>
                    </field>
                    <field>
                        <signature>string</signature>
                        <name>&lt;CSR&gt;k__BackingField</name>
                        <newname>g</newname>
                    </field>
                    <field>
                        <signature>System.Collections.Generic.List`1&lt;string&gt;</signature>
                        <name>&lt;Capabilities&gt;k__BackingField</name>
                        <newname>d</newname>
                    </field>
                    <field>
                        <signature>string</signature>
                        <name>&lt;ClientMachine&gt;k__BackingField</name>
                        <newname>b</newname>
                    </field>
                    <field>
                        <signature>System.Collections.Generic.Dictionary`2&lt;string,string&gt;</signature>
                        <name>&lt;ClientParameters&gt;k__BackingField</name>
                        <newname>f</newname>
                    </field>
                </fieldlist>
                <propertylist>
                    <property>
                        <signature>System.Nullable`1&lt;System.Guid&gt;()</signature>
                        <name>AgentId</name>
                    </property>
                    <property>
                        <signature>int16()</signature>
                        <name>AgentPlatform</name>
                    </property>
                    <property>
                        <signature>System.Nullable`1&lt;unsigned int64&gt;()</signature>
                        <name>AgentVersion</name>
                    </property>
                    <property>
                        <signature>string()</signature>
                        <name>CSR</name>
                    </property>
                    <property>
                        <signature>System.Collections.Generic.List`1&lt;string&gt;()</signature>
                        <name>Capabilities</name>
                    </property>
                    <property>
                        <signature>string()</signature>
                        <name>ClientMachine</name>
                    </property>
                    <property>
                        <signature>System.Collections.Generic.Dictionary`2&lt;string,string&gt;()</signature>
                        <name>ClientParameters</name>
                    </property>
                </propertylist>
                <eventlist />
            </type>
            <type>
                <name>Keyfactor.Orchestrators.Models.Contracts.Responses.AnyJobCompleteResponse</name>
                <methodlist>
                    <method>
                        <signature>void()</signature>
                        <name>.ctor</name>
                    </method>
                    <method>
                        <signature>System.Nullable`1&lt;System.Guid&gt;()</signature>
                        <name>get_InventoryJob</name>
                    </method>
                    <method>
                        <signature>void(System.Nullable`1&lt;System.Guid&gt;)</signature>
                        <name>set_InventoryJob</name>
                    </method>
                </methodlist>
                <fieldlist>
                    <field>
                        <signature>System.Nullable`1&lt;System.Guid&gt;</signature>
                        <name>&lt;InventoryJob&gt;k__BackingField</name>
                        <newname>a</newname>
                    </field>
                </fieldlist>
                <propertylist>
                    <property>
                        <signature>System.Nullable`1&lt;System.Guid&gt;()</signature>
                        <name>InventoryJob</name>
                    </property>
                </propertylist>
                <eventlist />
            </type>
            <type>
                <name>Keyfactor.Orchestrators.Models.Contracts.Responses.AnyJobConfigureResponse</name>
                <methodlist>
                    <method>
                        <signature>void()</signature>
                        <name>.ctor</name>
                    </method>
                    <method>
                        <signature>string()</signature>
                        <name>get_Alias</name>
                    </method>
                    <method>
                        <signature>string()</signature>
                        <name>get_DiscoveryEndpoint</name>
                    </method>
                    <method>
                        <signature>string()</signature>
                        <name>get_EnrollEndpoint</name>
                    </method>
                    <method>
                        <signature>string()</signature>
                        <name>get_EntryContents</name>
                    </method>
                    <method>
                        <signature>string()</signature>
                        <name>get_InventoryEndpoint</name>
                    </method>
                    <method>
                        <signature>System.Guid()</signature>
                        <name>get_JobId</name>
                    </method>
                    <method>
                        <signature>object()</signature>
                        <name>get_JobProperties</name>
                    </method>
                    <method>
                        <signature>System.Guid()</signature>
                        <name>get_JobTypeId</name>
                    </method>
                    <method>
                        <signature>Keyfactor.Orchestrators.Common.Enums.CertStoreOperationType()</signature>
                        <name>get_OperationType</name>
                    </method>
                    <method>
                        <signature>bool()</signature>
                        <name>get_Overwrite</name>
                    </method>
                    <method>
                        <signature>string()</signature>
                        <name>get_PfxPassword</name>
                    </method>
                    <method>
                        <signature>string()</signature>
                        <name>get_ServerPassword</name>
                    </method>
                    <method>
                        <signature>string()</signature>
                        <name>get_ServerUsername</name>
                    </method>
                    <method>
                        <signature>System.Guid()</signature>
                        <name>get_SessionToken</name>
                    </method>
                    <method>
                        <signature>object()</signature>
                        <name>get_StoreProperties</name>
                    </method>
                    <method>
                        <signature>string()</signature>
                        <name>get_StoreShortName</name>
                    </method>
                    <method>
                        <signature>bool()</signature>
                        <name>get_UseSSL</name>
                    </method>
                    <method>
                        <signature>Keyfactor.Orchestrators.Models.PreviousCertificateStore()</signature>
                        <name>get_store</name>
                    </method>
                    <method>
                        <signature>void(string)</signature>
                        <name>set_Alias</name>
                    </method>
                    <method>
                        <signature>void(string)</signature>
                        <name>set_DiscoveryEndpoint</name>
                    </method>
                    <method>
                        <signature>void(string)</signature>
                        <name>set_EnrollEndpoint</name>
                    </method>
                    <method>
                        <signature>void(string)</signature>
                        <name>set_EntryContents</name>
                    </method>
                    <method>
                        <signature>void(string)</signature>
                        <name>set_InventoryEndpoint</name>
                    </method>
                    <method>
                        <signature>void(System.Guid)</signature>
                        <name>set_JobId</name>
                    </method>
                    <method>
                        <signature>void(object)</signature>
                        <name>set_JobProperties</name>
                    </method>
                    <method>
                        <signature>void(System.Guid)</signature>
                        <name>set_JobTypeId</name>
                    </method>
                    <method>
                        <signature>void(Keyfactor.Orchestrators.Common.Enums.CertStoreOperationType)</signature>
                        <name>set_OperationType</name>
                    </method>
                    <method>
                        <signature>void(bool)</signature>
                        <name>set_Overwrite</name>
                    </method>
                    <method>
                        <signature>void(string)</signature>
                        <name>set_PfxPassword</name>
                    </method>
                    <method>
                        <signature>void(string)</signature>
                        <name>set_ServerPassword</name>
                    </method>
                    <method>
                        <signature>void(string)</signature>
                        <name>set_ServerUsername</name>
                    </method>
                    <method>
                        <signature>void(System.Guid)</signature>
                        <name>set_SessionToken</name>
                    </method>
                    <method>
                        <signature>void(object)</signature>
                        <name>set_StoreProperties</name>
                    </method>
                    <method>
                        <signature>void(string)</signature>
                        <name>set_StoreShortName</name>
                    </method>
                    <method>
                        <signature>void(bool)</signature>
                        <name>set_UseSSL</name>
                    </method>
                    <method>
                        <signature>void(Keyfactor.Orchestrators.Models.PreviousCertificateStore)</signature>
                        <name>set_store</name>
                    </method>
                </methodlist>
                <fieldlist>
                    <field>
                        <signature>string</signature>
                        <name>&lt;Alias&gt;k__BackingField</name>
                        <newname>k</newname>
                    </field>
                    <field>
                        <signature>string</signature>
                        <name>&lt;DiscoveryEndpoint&gt;k__BackingField</name>
                        <newname>p</newname>
                    </field>
                    <field>
                        <signature>string</signature>
                        <name>&lt;EnrollEndpoint&gt;k__BackingField</name>
                        <newname>o</newname>
                    </field>
                    <field>
                        <signature>string</signature>
                        <name>&lt;EntryContents&gt;k__BackingField</name>
                        <newname>l</newname>
                    </field>
                    <field>
                        <signature>string</signature>
                        <name>&lt;InventoryEndpoint&gt;k__BackingField</name>
                        <newname>n</newname>
                    </field>
                    <field>
                        <signature>System.Guid</signature>
                        <name>&lt;JobId&gt;k__BackingField</name>
                        <newname>i</newname>
                    </field>
                    <field>
                        <signature>object</signature>
                        <name>&lt;JobProperties&gt;k__BackingField</name>
                        <newname>f</newname>
                    </field>
                    <field>
                        <signature>System.Guid</signature>
                        <name>&lt;JobTypeId&gt;k__BackingField</name>
                        <newname>g</newname>
                    </field>
                    <field>
                        <signature>Keyfactor.Orchestrators.Common.Enums.CertStoreOperationType</signature>
                        <name>&lt;OperationType&gt;k__BackingField</name>
                        <newname>a</newname>
                    </field>
                    <field>
                        <signature>bool</signature>
                        <name>&lt;Overwrite&gt;k__BackingField</name>
                        <newname>q</newname>
                    </field>
                    <field>
                        <signature>string</signature>
                        <name>&lt;PfxPassword&gt;k__BackingField</name>
                        <newname>j</newname>
                    </field>
                    <field>
                        <signature>string</signature>
                        <name>&lt;ServerPassword&gt;k__BackingField</name>
                        <newname>d</newname>
                    </field>
                    <field>
                        <signature>string</signature>
                        <name>&lt;ServerUsername&gt;k__BackingField</name>
                        <newname>c</newname>
                    </field>
                    <field>
                        <signature>System.Guid</signature>
                        <name>&lt;SessionToken&gt;k__BackingField</name>
                        <newname>m</newname>
                    </field>
                    <field>
                        <signature>object</signature>
                        <name>&lt;StoreProperties&gt;k__BackingField</name>
                        <newname>e</newname>
                    </field>
                    <field>
                        <signature>string</signature>
                        <name>&lt;StoreShortName&gt;k__BackingField</name>
                        <newname>r</newname>
                    </field>
                    <field>
                        <signature>bool</signature>
                        <name>&lt;UseSSL&gt;k__BackingField</name>
                        <newname>b</newname>
                    </field>
                    <field>
                        <signature>Keyfactor.Orchestrators.Models.PreviousCertificateStore</signature>
                        <name>&lt;store&gt;k__BackingField</name>
                        <newname>h</newname>
                    </field>
                </fieldlist>
                <propertylist>
                    <property>
                        <signature>string()</signature>
                        <name>Alias</name>
                    </property>
                    <property>
                        <signature>string()</signature>
                        <name>DiscoveryEndpoint</name>
                    </property>
                    <property>
                        <signature>string()</signature>
                        <name>EnrollEndpoint</name>
                    </property>
                    <property>
                        <signature>string()</signature>
                        <name>EntryContents</name>
                    </property>
                    <property>
                        <signature>string()</signature>
                        <name>InventoryEndpoint</name>
                    </property>
                    <property>
                        <signature>System.Guid()</signature>
                        <name>JobId</name>
                    </property>
                    <property>
                        <signature>object()</signature>
                        <name>JobProperties</name>
                    </property>
                    <property>
                        <signature>System.Guid()</signature>
                        <name>JobTypeId</name>
                    </property>
                    <property>
                        <signature>Keyfactor.Orchestrators.Common.Enums.CertStoreOperationType()</signature>
                        <name>OperationType</name>
                    </property>
                    <property>
                        <signature>bool()</signature>
                        <name>Overwrite</name>
                    </property>
                    <property>
                        <signature>string()</signature>
                        <name>PfxPassword</name>
                    </property>
                    <property>
                        <signature>string()</signature>
                        <name>ServerPassword</name>
                    </property>
                    <property>
                        <signature>string()</signature>
                        <name>ServerUsername</name>
                    </property>
                    <property>
                        <signature>System.Guid()</signature>
                        <name>SessionToken</name>
                    </property>
                    <property>
                        <signature>object()</signature>
                        <name>StoreProperties</name>
                    </property>
                    <property>
                        <signature>string()</signature>
                        <name>StoreShortName</name>
                    </property>
                    <property>
                        <signature>bool()</signature>
                        <name>UseSSL</name>
                    </property>
                    <property>
                        <signature>Keyfactor.Orchestrators.Models.PreviousCertificateStore()</signature>
                        <name>store</name>
                    </property>
                </propertylist>
                <eventlist />
            </type>
            <type>
                <name>Keyfactor.Orchestrators.Models.Contracts.Responses.CASyncJob</name>
                <methodlist>
                    <method>
                        <signature>void()</signature>
                        <name>.ctor</name>
                    </method>
                    <method>
                        <signature>string()</signature>
                        <name>get_Forest</name>
                    </method>
                    <method>
                        <signature>string()</signature>
                        <name>get_HostName</name>
                    </method>
                    <method>
                        <signature>int32()</signature>
                        <name>get_LastRow</name>
                    </method>
                    <method>
                        <signature>System.DateTime()</signature>
                        <name>get_LastSyncTime</name>
                    </method>
                    <method>
                        <signature>string()</signature>
                        <name>get_LogicalName</name>
                    </method>
                    <method>
                        <signature>Keyfactor.CAClient.Microsoft.Enums.CASyncType()</signature>
                        <name>get_SyncType</name>
                    </method>
                    <method>
                        <signature>void(string)</signature>
                        <name>set_Forest</name>
                    </method>
                    <method>
                        <signature>void(string)</signature>
                        <name>set_HostName</name>
                    </method>
                    <method>
                        <signature>void(int32)</signature>
                        <name>set_LastRow</name>
                    </method>
                    <method>
                        <signature>void(System.DateTime)</signature>
                        <name>set_LastSyncTime</name>
                    </method>
                    <method>
                        <signature>void(string)</signature>
                        <name>set_LogicalName</name>
                    </method>
                    <method>
                        <signature>void(Keyfactor.CAClient.Microsoft.Enums.CASyncType)</signature>
                        <name>set_SyncType</name>
                    </method>
                </methodlist>
                <fieldlist>
                    <field>
                        <signature>string</signature>
                        <name>&lt;Forest&gt;k__BackingField</name>
                        <newname>c</newname>
                    </field>
                    <field>
                        <signature>string</signature>
                        <name>&lt;HostName&gt;k__BackingField</name>
                        <newname>b</newname>
                    </field>
                    <field>
                        <signature>int32</signature>
                        <name>&lt;LastRow&gt;k__BackingField</name>
                        <newname>e</newname>
                    </field>
                    <field>
                        <signature>System.DateTime</signature>
                        <name>&lt;LastSyncTime&gt;k__BackingField</name>
                        <newname>f</newname>
                    </field>
                    <field>
                        <signature>string</signature>
                        <name>&lt;LogicalName&gt;k__BackingField</name>
                        <newname>a</newname>
                    </field>
                    <field>
                        <signature>Keyfactor.CAClient.Microsoft.Enums.CASyncType</signature>
                        <name>&lt;SyncType&gt;k__BackingField</name>
                        <newname>d</newname>
                    </field>
                </fieldlist>
                <propertylist>
                    <property>
                        <signature>string()</signature>
                        <name>Forest</name>
                    </property>
                    <property>
                        <signature>string()</signature>
                        <name>HostName</name>
                    </property>
                    <property>
                        <signature>int32()</signature>
                        <name>LastRow</name>
                    </property>
                    <property>
                        <signature>System.DateTime()</signature>
                        <name>LastSyncTime</name>
                    </property>
                    <property>
                        <signature>string()</signature>
                        <name>LogicalName</name>
                    </property>
                    <property>
                        <signature>Keyfactor.CAClient.Microsoft.Enums.CASyncType()</signature>
                        <name>SyncType</name>
                    </property>
                </propertylist>
                <eventlist />
            </type>
            <type>
                <name>Keyfactor.Orchestrators.Models.Contracts.Responses.CertStoreDiscoveryUpdateResponse</name>
                <methodlist>
                    <method>
                        <signature>void()</signature>
                        <name>.ctor</name>
                    </method>
                    <method>
                        <signature>bool()</signature>
                        <name>get_JobCancelled</name>
                    </method>
                    <method>
                        <signature>void(bool)</signature>
                        <name>set_JobCancelled</name>
                    </method>
                </methodlist>
                <fieldlist>
                    <field>
                        <signature>bool</signature>
                        <name>&lt;JobCancelled&gt;k__BackingField</name>
                        <newname>a</newname>
                    </field>
                </fieldlist>
                <propertylist>
                    <property>
                        <signature>bool()</signature>
                        <name>JobCancelled</name>
                    </property>
                </propertylist>
                <eventlist />
            </type>
            <type>
                <name>Keyfactor.Orchestrators.Models.Contracts.Responses.CertStoreInventoryUpdateResponse</name>
                <methodlist>
                    <method>
                        <signature>void()</signature>
                        <name>.ctor</name>
                    </method>
                    <method>
                        <signature>bool()</signature>
                        <name>get_JobCancelled</name>
                    </method>
                    <method>
                        <signature>void(bool)</signature>
                        <name>set_JobCancelled</name>
                    </method>
                </methodlist>
                <fieldlist>
                    <field>
                        <signature>bool</signature>
                        <name>&lt;JobCancelled&gt;k__BackingField</name>
                        <newname>a</newname>
                    </field>
                </fieldlist>
                <propertylist>
                    <property>
                        <signature>bool()</signature>
                        <name>JobCancelled</name>
                    </property>
                </propertylist>
                <eventlist />
            </type>
            <type>
                <name>Keyfactor.Orchestrators.Models.Contracts.Responses.CertStoreReenrollmentSubmitResponse</name>
                <methodlist>
                    <method>
                        <signature>void()</signature>
                        <name>.ctor</name>
                    </method>
                    <method>
                        <signature>string()</signature>
                        <name>get_Certificate</name>
                    </method>
                    <method>
                        <signature>bool()</signature>
                        <name>get_JobCancelled</name>
                    </method>
                    <method>
                        <signature>void(string)</signature>
                        <name>set_Certificate</name>
                    </method>
                    <method>
                        <signature>void(bool)</signature>
                        <name>set_JobCancelled</name>
                    </method>
                </methodlist>
                <fieldlist>
                    <field>
                        <signature>string</signature>
                        <name>&lt;Certificate&gt;k__BackingField</name>
                        <newname>b</newname>
                    </field>
                    <field>
                        <signature>bool</signature>
                        <name>&lt;JobCancelled&gt;k__BackingField</name>
                        <newname>a</newname>
                    </field>
                </fieldlist>
                <propertylist>
                    <property>
                        <signature>string()</signature>
                        <name>Certificate</name>
                    </property>
                    <property>
                        <signature>bool()</signature>
                        <name>JobCancelled</name>
                    </property>
                </propertylist>
                <eventlist />
            </type>
            <type>
                <name>Keyfactor.Orchestrators.Models.Contracts.Responses.CertificateAuthoritySyncJobConfigureResponse</name>
                <methodlist>
                    <method>
                        <signature>void()</signature>
                        <name>.ctor</name>
                    </method>
                    <method>
                        <signature>string()</signature>
                        <name>get_CacheEndpoint</name>
                    </method>
                    <method>
                        <signature>Keyfactor.Orchestrators.Models.Contracts.Responses.CASyncJob()</signature>
                        <name>get_Job</name>
                    </method>
                    <method>
                        <signature>int32()</signature>
                        <name>get_MaxBatchKb</name>
                    </method>
                    <method>
                        <signature>string()</signature>
                        <name>get_SyncEndpoint</name>
                    </method>
                    <method>
                        <signature>string()</signature>
                        <name>get_TemplateEndpoint</name>
                    </method>
                    <method>
                        <signature>void(string)</signature>
                        <name>set_CacheEndpoint</name>
                    </method>
                    <method>
                        <signature>void(Keyfactor.Orchestrators.Models.Contracts.Responses.CASyncJob)</signature>
                        <name>set_Job</name>
                    </method>
                    <method>
                        <signature>void(int32)</signature>
                        <name>set_MaxBatchKb</name>
                    </method>
                    <method>
                        <signature>void(string)</signature>
                        <name>set_SyncEndpoint</name>
                    </method>
                    <method>
                        <signature>void(string)</signature>
                        <name>set_TemplateEndpoint</name>
                    </method>
                </methodlist>
                <fieldlist>
                    <field>
                        <signature>string</signature>
                        <name>&lt;CacheEndpoint&gt;k__BackingField</name>
                        <newname>a</newname>
                    </field>
                    <field>
                        <signature>Keyfactor.Orchestrators.Models.Contracts.Responses.CASyncJob</signature>
                        <name>&lt;Job&gt;k__BackingField</name>
                        <newname>d</newname>
                    </field>
                    <field>
                        <signature>int32</signature>
                        <name>&lt;MaxBatchKb&gt;k__BackingField</name>
                        <newname>e</newname>
                    </field>
                    <field>
                        <signature>string</signature>
                        <name>&lt;SyncEndpoint&gt;k__BackingField</name>
                        <newname>b</newname>
                    </field>
                    <field>
                        <signature>string</signature>
                        <name>&lt;TemplateEndpoint&gt;k__BackingField</name>
                        <newname>c</newname>
                    </field>
                </fieldlist>
                <propertylist>
                    <property>
                        <signature>string()</signature>
                        <name>CacheEndpoint</name>
                    </property>
                    <property>
                        <signature>Keyfactor.Orchestrators.Models.Contracts.Responses.CASyncJob()</signature>
                        <name>Job</name>
                    </property>
                    <property>
                        <signature>int32()</signature>
                        <name>MaxBatchKb</name>
                    </property>
                    <property>
                        <signature>string()</signature>
                        <name>SyncEndpoint</name>
                    </property>
                    <property>
                        <signature>string()</signature>
                        <name>TemplateEndpoint</name>
                    </property>
                </propertylist>
                <eventlist />
            </type>
            <type>
                <name>Keyfactor.Orchestrators.Models.Contracts.Responses.CustomJobSubmitResponse</name>
                <methodlist>
                    <method>
                        <signature>void()</signature>
                        <name>.ctor</name>
                    </method>
                    <method>
                        <signature>bool()</signature>
                        <name>get_JobCancelled</name>
                    </method>
                    <method>
                        <signature>void(bool)</signature>
                        <name>set_JobCancelled</name>
                    </method>
                </methodlist>
                <fieldlist>
                    <field>
                        <signature>bool</signature>
                        <name>&lt;JobCancelled&gt;k__BackingField</name>
                        <newname>a</newname>
                    </field>
                </fieldlist>
                <propertylist>
                    <property>
                        <signature>bool()</signature>
                        <name>JobCancelled</name>
                    </property>
                </propertylist>
                <eventlist />
            </type>
            <type>
                <name>Keyfactor.Orchestrators.Models.Contracts.Responses.JobConfigureResponse</name>
                <methodlist>
                    <method>
                        <signature>void()</signature>
                        <name>.ctor</name>
                    </method>
                    <method>
                        <signature>int64()</signature>
                        <name>get_AuditId</name>
                    </method>
                    <method>
                        <signature>bool()</signature>
                        <name>get_JobCancelled</name>
                    </method>
                    <method>
                        <signature>void(int64)</signature>
                        <name>set_AuditId</name>
                    </method>
                    <method>
                        <signature>void(bool)</signature>
                        <name>set_JobCancelled</name>
                    </method>
                </methodlist>
                <fieldlist>
                    <field>
                        <signature>int64</signature>
                        <name>&lt;AuditId&gt;k__BackingField</name>
                        <newname>a</newname>
                    </field>
                    <field>
                        <signature>bool</signature>
                        <name>&lt;JobCancelled&gt;k__BackingField</name>
                        <newname>b</newname>
                    </field>
                </fieldlist>
                <propertylist>
                    <property>
                        <signature>int64()</signature>
                        <name>AuditId</name>
                    </property>
                    <property>
                        <signature>bool()</signature>
                        <name>JobCancelled</name>
                    </property>
                </propertylist>
                <eventlist />
            </type>
            <type>
                <name>Keyfactor.Orchestrators.Models.Contracts.Responses.JobResponseBase</name>
                <methodlist>
                    <method>
                        <signature>void()</signature>
                        <name>.ctor</name>
                    </method>
                    <method>
                        <signature>Keyfactor.Orchestrators.Models.RequestResult()</signature>
                        <name>get_Result</name>
                    </method>
                    <method>
                        <signature>void(Keyfactor.Orchestrators.Models.RequestResult)</signature>
                        <name>set_Result</name>
                    </method>
                </methodlist>
                <fieldlist>
                    <field>
                        <signature>Keyfactor.Orchestrators.Models.RequestResult</signature>
                        <name>&lt;Result&gt;k__BackingField</name>
                        <newname>a</newname>
                    </field>
                </fieldlist>
                <propertylist>
                    <property>
                        <signature>Keyfactor.Orchestrators.Models.RequestResult()</signature>
                        <name>Result</name>
                    </property>
                </propertylist>
                <eventlist />
            </type>
            <type>
                <name>Keyfactor.Orchestrators.Models.Contracts.Responses.JobResultResponse</name>
                <methodlist>
                    <method>
                        <signature>void()</signature>
                        <name>.ctor</name>
                    </method>
                    <method>
                        <signature>bool()</signature>
                        <name>get_JobCancelled</name>
                    </method>
                    <method>
                        <signature>void(bool)</signature>
                        <name>set_JobCancelled</name>
                    </method>
                </methodlist>
                <fieldlist>
                    <field>
                        <signature>bool</signature>
                        <name>&lt;JobCancelled&gt;k__BackingField</name>
                        <newname>a</newname>
                    </field>
                </fieldlist>
                <propertylist>
                    <property>
                        <signature>bool()</signature>
                        <name>JobCancelled</name>
                    </property>
                </propertylist>
                <eventlist />
            </type>
            <type>
                <name>Keyfactor.Orchestrators.Models.Contracts.Responses.TemplateSyncJobConfigureResponse</name>
                <methodlist>
                    <method>
                        <signature>void()</signature>
                        <name>.ctor</name>
                    </method>
                    <method>
                        <signature>string()</signature>
                        <name>get_Forest</name>
                    </method>
                    <method>
                        <signature>string()</signature>
                        <name>get_SyncEndpoint</name>
                    </method>
                    <method>
                        <signature>void(string)</signature>
                        <name>set_Forest</name>
                    </method>
                    <method>
                        <signature>void(string)</signature>
                        <name>set_SyncEndpoint</name>
                    </method>
                </methodlist>
                <fieldlist>
                    <field>
                        <signature>string</signature>
                        <name>&lt;Forest&gt;k__BackingField</name>
                        <newname>b</newname>
                    </field>
                    <field>
                        <signature>string</signature>
                        <name>&lt;SyncEndpoint&gt;k__BackingField</name>
                        <newname>a</newname>
                    </field>
                </fieldlist>
                <propertylist>
                    <property>
                        <signature>string()</signature>
                        <name>Forest</name>
                    </property>
                    <property>
                        <signature>string()</signature>
                        <name>SyncEndpoint</name>
                    </property>
                </propertylist>
                <eventlist />
            </type>
            <type>
                <name>Keyfactor.Orchestrators.Models.JobExecutorSpecification</name>
                <methodlist>
                    <method>
                        <signature>void()</signature>
                        <name>.ctor</name>
                    </method>
                    <method>
                        <signature>string()</signature>
                        <name>get_Capability</name>
                    </method>
                    <method>
                        <signature>System.Type()</signature>
                        <name>get_JobExtensionType</name>
                    </method>
                    <method>
                        <signature>void(string)</signature>
                        <name>set_Capability</name>
                    </method>
                    <method>
                        <signature>void(System.Type)</signature>
                        <name>set_JobExtensionType</name>
                    </method>
                </methodlist>
                <fieldlist>
                    <field>
                        <signature>string</signature>
                        <name>&lt;Capability&gt;k__BackingField</name>
                        <newname>b</newname>
                    </field>
                    <field>
                        <signature>System.Type</signature>
                        <name>&lt;JobExtensionType&gt;k__BackingField</name>
                        <newname>a</newname>
                    </field>
                </fieldlist>
                <propertylist>
                    <property>
                        <signature>string()</signature>
                        <name>Capability</name>
                    </property>
                    <property>
                        <signature>System.Type()</signature>
                        <name>JobExtensionType</name>
                    </property>
                </propertylist>
                <eventlist />
            </type>
            <type>
                <name>Keyfactor.Orchestrators.Models.OrchestratorJob</name>
                <methodlist>
                    <method>
                        <signature>void()</signature>
                        <name>.ctor</name>
                    </method>
                    <method>
                        <signature>int32(object[])</signature>
                        <name>ComputeHash</name>
                        <newname>a</newname>
                    </method>
                    <method>
                        <signature>bool(object)</signature>
                        <name>Equals</name>
                    </method>
                    <method>
                        <signature>int32()</signature>
                        <name>GetHashCode</name>
                    </method>
                    <method>
                        <signature>bool(string, string)</signature>
                        <name>StringFieldEqual</name>
                        <newname>a</newname>
                    </method>
                    <method>
                        <signature>string()</signature>
                        <name>get_Capability</name>
                    </method>
                    <method>
                        <signature>string()</signature>
                        <name>get_CompletionEndpoint</name>
                    </method>
                    <method>
                        <signature>System.Nullable`1&lt;System.Guid&gt;()</signature>
                        <name>get_ConcurrencyIdentifier</name>
                    </method>
                    <method>
                        <signature>string()</signature>
                        <name>get_ConfigurationEndpoint</name>
                    </method>
                    <method>
                        <signature>string()</signature>
                        <name>get_Cron</name>
                    </method>
                    <method>
                        <signature>System.Guid()</signature>
                        <name>get_JobId</name>
                    </method>
                    <method>
                        <signature>int32()</signature>
                        <name>get_Priority</name>
                    </method>
                    <method>
                        <signature>string()</signature>
                        <name>get_Schedule</name>
                    </method>
                    <method>
                        <signature>int32()</signature>
                        <name>get__MAX_JOB_PRIORITY</name>
                        <newname>a</newname>
                    </method>
                    <method>
                        <signature>void(string)</signature>
                        <name>set_Capability</name>
                    </method>
                    <method>
                        <signature>void(string)</signature>
                        <name>set_CompletionEndpoint</name>
                    </method>
                    <method>
                        <signature>void(System.Nullable`1&lt;System.Guid&gt;)</signature>
                        <name>set_ConcurrencyIdentifier</name>
                    </method>
                    <method>
                        <signature>void(string)</signature>
                        <name>set_ConfigurationEndpoint</name>
                    </method>
                    <method>
                        <signature>void(System.Guid)</signature>
                        <name>set_JobId</name>
                    </method>
                    <method>
                        <signature>void(int32)</signature>
                        <name>set_Priority</name>
                    </method>
                    <method>
                        <signature>void(string)</signature>
                        <name>set_Schedule</name>
                    </method>
                </methodlist>
                <fieldlist>
                    <field>
                        <signature>string</signature>
                        <name>&lt;Capability&gt;k__BackingField</name>
                        <newname>c</newname>
                    </field>
                    <field>
                        <signature>string</signature>
                        <name>&lt;CompletionEndpoint&gt;k__BackingField</name>
                        <newname>e</newname>
                    </field>
                    <field>
                        <signature>System.Nullable`1&lt;System.Guid&gt;</signature>
                        <name>&lt;ConcurrencyIdentifier&gt;k__BackingField</name>
                        <newname>h</newname>
                    </field>
                    <field>
                        <signature>string</signature>
                        <name>&lt;ConfigurationEndpoint&gt;k__BackingField</name>
                        <newname>d</newname>
                    </field>
                    <field>
                        <signature>System.Guid</signature>
                        <name>&lt;JobId&gt;k__BackingField</name>
                        <newname>b</newname>
                    </field>
                    <field>
                        <signature>int32</signature>
                        <name>&lt;_MAX_JOB_PRIORITY&gt;k__BackingField</name>
                        <newname>a</newname>
                    </field>
                    <field>
                        <signature>int32</signature>
                        <name>_priority</name>
                        <newname>g</newname>
                    </field>
                    <field>
                        <signature>string</signature>
                        <name>_schedule</name>
                        <newname>f</newname>
                    </field>
                </fieldlist>
                <propertylist>
                    <property>
                        <signature>string()</signature>
                        <name>Capability</name>
                    </property>
                    <property>
                        <signature>string()</signature>
                        <name>CompletionEndpoint</name>
                    </property>
                    <property>
                        <signature>System.Nullable`1&lt;System.Guid&gt;()</signature>
                        <name>ConcurrencyIdentifier</name>
                    </property>
                    <property>
                        <signature>string()</signature>
                        <name>ConfigurationEndpoint</name>
                    </property>
                    <property>
                        <signature>string()</signature>
                        <name>Cron</name>
                    </property>
                    <property>
                        <signature>System.Guid()</signature>
                        <name>JobId</name>
                    </property>
                    <property>
                        <signature>int32()</signature>
                        <name>Priority</name>
                    </property>
                    <property>
                        <signature>string()</signature>
                        <name>Schedule</name>
                    </property>
                    <property>
                        <signature>int32()</signature>
                        <name>_MAX_JOB_PRIORITY</name>
                    </property>
                </propertylist>
                <eventlist />
            </type>
            <type>
                <name>Keyfactor.Orchestrators.Models.OrchestratorSession</name>
                <methodlist>
                    <method>
                        <signature>void()</signature>
                        <name>.ctor</name>
                    </method>
                    <method>
                        <signature>System.Guid()</signature>
                        <name>get_AgentId</name>
                    </method>
                    <method>
                        <signature>string()</signature>
                        <name>get_Certificate</name>
                    </method>
                    <method>
                        <signature>string()</signature>
                        <name>get_ClientMachine</name>
                    </method>
                    <method>
                        <signature>System.Collections.Generic.Dictionary`2&lt;string,string&gt;()</signature>
                        <name>get_ClientParameters</name>
                    </method>
                    <method>
                        <signature>int32()</signature>
                        <name>get_HeartbeatInterval</name>
                    </method>
                    <method>
                        <signature>System.Collections.Generic.IEnumerable`1&lt;Keyfactor.Orchestrators.Models.OrchestratorJob&gt;()</signature>
                        <name>get_Jobs</name>
                    </method>
                    <method>
                        <signature>System.Guid()</signature>
                        <name>get_Token</name>
                    </method>
                    <method>
                        <signature>void(System.Guid)</signature>
                        <name>set_AgentId</name>
                    </method>
                    <method>
                        <signature>void(string)</signature>
                        <name>set_Certificate</name>
                    </method>
                    <method>
                        <signature>void(string)</signature>
                        <name>set_ClientMachine</name>
                    </method>
                    <method>
                        <signature>void(System.Collections.Generic.Dictionary`2&lt;string,string&gt;)</signature>
                        <name>set_ClientParameters</name>
                    </method>
                    <method>
                        <signature>void(int32)</signature>
                        <name>set_HeartbeatInterval</name>
                    </method>
                    <method>
                        <signature>void(System.Collections.Generic.IEnumerable`1&lt;Keyfactor.Orchestrators.Models.OrchestratorJob&gt;)</signature>
                        <name>set_Jobs</name>
                    </method>
                    <method>
                        <signature>void(System.Guid)</signature>
                        <name>set_Token</name>
                    </method>
                </methodlist>
                <fieldlist>
                    <field>
                        <signature>System.Guid</signature>
                        <name>&lt;AgentId&gt;k__BackingField</name>
                        <newname>c</newname>
                    </field>
                    <field>
                        <signature>string</signature>
                        <name>&lt;Certificate&gt;k__BackingField</name>
                        <newname>g</newname>
                    </field>
                    <field>
                        <signature>string</signature>
                        <name>&lt;ClientMachine&gt;k__BackingField</name>
                        <newname>f</newname>
                    </field>
                    <field>
                        <signature>System.Collections.Generic.Dictionary`2&lt;string,string&gt;</signature>
                        <name>&lt;ClientParameters&gt;k__BackingField</name>
                        <newname>e</newname>
                    </field>
                    <field>
                        <signature>int32</signature>
                        <name>&lt;HeartbeatInterval&gt;k__BackingField</name>
                        <newname>d</newname>
                    </field>
                    <field>
                        <signature>System.Collections.Generic.IEnumerable`1&lt;Keyfactor.Orchestrators.Models.OrchestratorJob&gt;</signature>
                        <name>&lt;Jobs&gt;k__BackingField</name>
                        <newname>a</newname>
                    </field>
                    <field>
                        <signature>System.Guid</signature>
                        <name>&lt;Token&gt;k__BackingField</name>
                        <newname>b</newname>
                    </field>
                </fieldlist>
                <propertylist>
                    <property>
                        <signature>System.Guid()</signature>
                        <name>AgentId</name>
                    </property>
                    <property>
                        <signature>string()</signature>
                        <name>Certificate</name>
                    </property>
                    <property>
                        <signature>string()</signature>
                        <name>ClientMachine</name>
                    </property>
                    <property>
                        <signature>System.Collections.Generic.Dictionary`2&lt;string,string&gt;()</signature>
                        <name>ClientParameters</name>
                    </property>
                    <property>
                        <signature>int32()</signature>
                        <name>HeartbeatInterval</name>
                    </property>
                    <property>
                        <signature>System.Collections.Generic.IEnumerable`1&lt;Keyfactor.Orchestrators.Models.OrchestratorJob&gt;()</signature>
                        <name>Jobs</name>
                    </property>
                    <property>
                        <signature>System.Guid()</signature>
                        <name>Token</name>
                    </property>
                </propertylist>
                <eventlist />
            </type>
            <type>
                <name>Keyfactor.Orchestrators.Models.PreviousCertificateStore</name>
                <methodlist>
                    <method>
                        <signature>void()</signature>
                        <name>.ctor</name>
                    </method>
                    <method>
                        <signature>string()</signature>
                        <name>get_ClientMachine</name>
                    </method>
                    <method>
                        <signature>System.Collections.Generic.List`1&lt;Keyfactor.Orchestrators.Extensions.PreviousInventoryItem&gt;()</signature>
                        <name>get_Inventory</name>
                    </method>
                    <method>
                        <signature>string()</signature>
                        <name>get_Properties</name>
                    </method>
                    <method>
                        <signature>string()</signature>
                        <name>get_StorePassword</name>
                    </method>
                    <method>
                        <signature>string()</signature>
                        <name>get_StorePath</name>
                    </method>
                    <method>
                        <signature>int32()</signature>
                        <name>get_Type</name>
                    </method>
                    <method>
                        <signature>void(string)</signature>
                        <name>set_ClientMachine</name>
                    </method>
                    <method>
                        <signature>void(System.Collections.Generic.List`1&lt;Keyfactor.Orchestrators.Extensions.PreviousInventoryItem&gt;)</signature>
                        <name>set_Inventory</name>
                    </method>
                    <method>
                        <signature>void(string)</signature>
                        <name>set_Properties</name>
                    </method>
                    <method>
                        <signature>void(string)</signature>
                        <name>set_StorePassword</name>
                    </method>
                    <method>
                        <signature>void(string)</signature>
                        <name>set_StorePath</name>
                    </method>
                    <method>
                        <signature>void(int32)</signature>
                        <name>set_Type</name>
                    </method>
                </methodlist>
                <fieldlist>
                    <field>
                        <signature>string</signature>
                        <name>&lt;ClientMachine&gt;k__BackingField</name>
                        <newname>a</newname>
                    </field>
                    <field>
                        <signature>System.Collections.Generic.List`1&lt;Keyfactor.Orchestrators.Extensions.PreviousInventoryItem&gt;</signature>
                        <name>&lt;Inventory&gt;k__BackingField</name>
                        <newname>f</newname>
                    </field>
                    <field>
                        <signature>string</signature>
                        <name>&lt;Properties&gt;k__BackingField</name>
                        <newname>d</newname>
                    </field>
                    <field>
                        <signature>string</signature>
                        <name>&lt;StorePassword&gt;k__BackingField</name>
                        <newname>c</newname>
                    </field>
                    <field>
                        <signature>string</signature>
                        <name>&lt;StorePath&gt;k__BackingField</name>
                        <newname>b</newname>
                    </field>
                    <field>
                        <signature>int32</signature>
                        <name>&lt;Type&gt;k__BackingField</name>
                        <newname>e</newname>
                    </field>
                </fieldlist>
                <propertylist>
                    <property>
                        <signature>string()</signature>
                        <name>ClientMachine</name>
                    </property>
                    <property>
                        <signature>System.Collections.Generic.List`1&lt;Keyfactor.Orchestrators.Extensions.PreviousInventoryItem&gt;()</signature>
                        <name>Inventory</name>
                    </property>
                    <property>
                        <signature>string()</signature>
                        <name>Properties</name>
                    </property>
                    <property>
                        <signature>string()</signature>
                        <name>StorePassword</name>
                    </property>
                    <property>
                        <signature>string()</signature>
                        <name>StorePath</name>
                    </property>
                    <property>
                        <signature>int32()</signature>
                        <name>Type</name>
                    </property>
                </propertylist>
                <eventlist />
            </type>
            <type>
                <name>Keyfactor.Orchestrators.Models.RequestResult</name>
                <methodlist>
                    <method>
                        <signature>void()</signature>
                        <name>.ctor</name>
                    </method>
                    <method>
                        <signature>void(Keyfactor.Orchestrators.Extensions.ServerFault)</signature>
                        <name>.ctor</name>
                    </method>
                    <method>
                        <signature>void(int32)</signature>
                        <name>.ctor</name>
                    </method>
                    <method>
                        <signature>Keyfactor.Orchestrators.Extensions.ServerFault()</signature>
                        <name>get_Error</name>
                    </method>
                    <method>
                        <signature>int32()</signature>
                        <name>get_Status</name>
                    </method>
                    <method>
                        <signature>void(Keyfactor.Orchestrators.Extensions.ServerFault)</signature>
                        <name>set_Error</name>
                    </method>
                    <method>
                        <signature>void(int32)</signature>
                        <name>set_Status</name>
                    </method>
                </methodlist>
                <fieldlist>
                    <field>
                        <signature>Keyfactor.Orchestrators.Extensions.ServerFault</signature>
                        <name>&lt;Error&gt;k__BackingField</name>
                        <newname>b</newname>
                    </field>
                    <field>
                        <signature>int32</signature>
                        <name>&lt;Status&gt;k__BackingField</name>
                        <newname>a</newname>
                    </field>
                    <field>
                        <signature>int32</signature>
                        <name>STATUS_ERR</name>
                    </field>
                    <field>
                        <signature>int32</signature>
                        <name>STATUS_SUCCESS</name>
                    </field>
                    <field>
                        <signature>int32</signature>
                        <name>STATUS_UNK</name>
                    </field>
                    <field>
                        <signature>int32</signature>
                        <name>STATUS_WARN</name>
                    </field>
                </fieldlist>
                <propertylist>
                    <property>
                        <signature>Keyfactor.Orchestrators.Extensions.ServerFault()</signature>
                        <name>Error</name>
                    </property>
                    <property>
                        <signature>int32()</signature>
                        <name>Status</name>
                    </property>
                </propertylist>
                <eventlist />
            </type>
            <type>
                <name>Keyfactor.Orchestrators.Models.SessionInfo</name>
                <methodlist>
                    <method>
                        <signature>void()</signature>
                        <name>.ctor</name>
                    </method>
                    <method>
                        <signature>System.Guid()</signature>
                        <name>get_JobId</name>
                    </method>
                    <method>
                        <signature>System.Guid()</signature>
                        <name>get_SessionToken</name>
                    </method>
                    <method>
                        <signature>void(System.Guid)</signature>
                        <name>set_JobId</name>
                    </method>
                    <method>
                        <signature>void(System.Guid)</signature>
                        <name>set_SessionToken</name>
                    </method>
                </methodlist>
                <fieldlist>
                    <field>
                        <signature>System.Guid</signature>
                        <name>&lt;JobId&gt;k__BackingField</name>
                        <newname>a</newname>
                    </field>
                    <field>
                        <signature>System.Guid</signature>
                        <name>&lt;SessionToken&gt;k__BackingField</name>
                        <newname>b</newname>
                    </field>
                </fieldlist>
                <propertylist>
                    <property>
                        <signature>System.Guid()</signature>
                        <name>JobId</name>
                    </property>
                    <property>
                        <signature>System.Guid()</signature>
                        <name>SessionToken</name>
                    </property>
                </propertylist>
                <eventlist />
            </type>
            <type>
                <name>Keyfactor.Orchestrators.Models.SessionRegisterResponse</name>
                <methodlist>
                    <method>
                        <signature>void()</signature>
                        <name>.ctor</name>
                    </method>
                    <method>
                        <signature>bool()</signature>
                        <name>get_RequestSuccessful</name>
                    </method>
                    <method>
                        <signature>Keyfactor.Orchestrators.Models.RequestResult()</signature>
                        <name>get_Result</name>
                    </method>
                    <method>
                        <signature>System.DateTime()</signature>
                        <name>get_ServerTime</name>
                    </method>
                    <method>
                        <signature>Keyfactor.Orchestrators.Models.OrchestratorSession()</signature>
                        <name>get_Session</name>
                    </method>
                    <method>
                        <signature>void(Keyfactor.Orchestrators.Models.RequestResult)</signature>
                        <name>set_Result</name>
                    </method>
                    <method>
                        <signature>void(System.DateTime)</signature>
                        <name>set_ServerTime</name>
                    </method>
                    <method>
                        <signature>void(Keyfactor.Orchestrators.Models.OrchestratorSession)</signature>
                        <name>set_Session</name>
                    </method>
                </methodlist>
                <fieldlist>
                    <field>
                        <signature>Keyfactor.Orchestrators.Models.RequestResult</signature>
                        <name>&lt;Result&gt;k__BackingField</name>
                        <newname>a</newname>
                    </field>
                    <field>
                        <signature>System.DateTime</signature>
                        <name>&lt;ServerTime&gt;k__BackingField</name>
                        <newname>c</newname>
                    </field>
                    <field>
                        <signature>Keyfactor.Orchestrators.Models.OrchestratorSession</signature>
                        <name>&lt;Session&gt;k__BackingField</name>
                        <newname>b</newname>
                    </field>
                </fieldlist>
                <propertylist>
                    <property>
                        <signature>bool()</signature>
                        <name>RequestSuccessful</name>
                    </property>
                    <property>
                        <signature>Keyfactor.Orchestrators.Models.RequestResult()</signature>
                        <name>Result</name>
                    </property>
                    <property>
                        <signature>System.DateTime()</signature>
                        <name>ServerTime</name>
                    </property>
                    <property>
                        <signature>Keyfactor.Orchestrators.Models.OrchestratorSession()</signature>
                        <name>Session</name>
                    </property>
                </propertylist>
                <eventlist />
            </type>
        </module>
    </mapping>
    <statistics>
        <statisticline>
            <description>Total Classes</description>
            <statistic>30</statistic>
        </statisticline>
        <statisticline>
            <description>Total Methods</description>
            <statistic>237</statistic>
        </statisticline>
        <statisticline>
            <description>Total Fields</description>
            <statistic>104</statistic>
        </statisticline>
        <statisticline>
            <description>Total Properties</description>
            <statistic>102</statistic>
        </statisticline>
        <statisticline>
            <description>Total Events</description>
            <statistic>0</statistic>
        </statisticline>
        <statisticline>
            <description>Total Classes Renamed</description>
            <statistic>0</statistic>
            <statistic>0.00 %</statistic>
        </statisticline>
        <statisticline>
            <description>Total Methods Renamed</description>
            <statistic>3</statistic>
            <statistic>1.27 %</statistic>
        </statisticline>
        <statisticline>
            <description>Total Fields Renamed</description>
            <statistic>100</statistic>
            <statistic>96.15 %</statistic>
        </statisticline>
        <statisticline>
            <description>Total Properties Renamed</description>
            <statistic>0</statistic>
            <statistic>0.00 %</statistic>
        </statisticline>
        <statisticline>
            <description>Total Events Renamed</description>
            <statistic>0</statistic>
            <statistic>0.00 %</statistic>
        </statisticline>
        <statisticline>
            <description>Methods Renamed to 'a'</description>
            <statistic>3</statistic>
            <statistic>1.27 %</statistic>
        </statisticline>
    </statistics>
</dotfuscatorMap>