﻿<?xml version="1.0" encoding="utf-8"?>
<!DOCTYPE dotfuscatorMap SYSTEM "http://www.preemptive.com/dotfuscator/dtd/dotfuscatorMap_v1.2.dtd">
<dotfuscatorMap version="1.1">
    <header>
        <timestamp>2023-05-26T18:40:21</timestamp>
        <product version="6.5.1+9557e9e698" user="Jon.Proch@css-security.com">PreEmptive Protection Dotfuscator Professional</product>
    </header>
    <mapping>
        <module>
            <name>Keyfactor.Orchestrators.JobEngine.dll</name>
            <type>
                <name>Keyfactor.Orchestrators.JobEngine.ClientCertificateService</name>
                <methodlist>
                    <method>
                        <signature>void(Keyfactor.Orchestrators.Core.Http.Interfaces.IAuthCertificateFactory, Keyfactor.Orchestrators.JobEngine.Interfaces.IJobRegistrationService, Keyfactor.Orchestrators.Core.Configuration.IWritableOptions`1&lt;Keyfactor.Orchestrators.Core.Configuration.OrchestratorOptions&gt;, Microsoft.Extensions.Options.IOptions`1&lt;Keyfactor.Orchestrators.Core.Configuration.SecretSettings&gt;)</signature>
                        <name>.ctor</name>
                    </method>
                    <method>
                        <signature>void(string, Keyfactor.PKI.PrivateKeys.PrivateKeyConverter, System.Threading.CancellationToken)</signature>
                        <name>UpdateClientAuthCert</name>
                    </method>
                    <method>
                        <signature>void(System.Security.Cryptography.X509Certificates.X509Certificate2)</signature>
                        <name>UpdateClientAuthCertFile</name>
                        <newname>b</newname>
                    </method>
                    <method>
                        <signature>void(System.Security.Cryptography.X509Certificates.X509Certificate2)</signature>
                        <name>UpdateClientAuthCertStore</name>
                        <newname>a</newname>
                    </method>
                    <method>
                        <signature>void()</signature>
                        <name>ValidateCertificateUpdateWorkflow</name>
                    </method>
                    <method>
                        <signature>bool()</signature>
                        <name>get_CertAuthEnabled</name>
                    </method>
                    <method>
                        <signature>bool()</signature>
                        <name>get_CertInWindowsStore</name>
                    </method>
                    <method>
                        <signature>Keyfactor.Orchestrators.Core.Http.Interfaces.IAuthCertificateFactory()</signature>
                        <name>get__authCertificateFactory</name>
                        <newname>d</newname>
                    </method>
                    <method>
                        <signature>Keyfactor.Orchestrators.JobEngine.Interfaces.IJobRegistrationService()</signature>
                        <name>get__jobRegistrationService</name>
                        <newname>c</newname>
                    </method>
                    <method>
                        <signature>Microsoft.Extensions.Logging.ILogger()</signature>
                        <name>get__logger</name>
                        <newname>e</newname>
                    </method>
                    <method>
                        <signature>Keyfactor.Orchestrators.Core.Configuration.SecretSettings()</signature>
                        <name>get__orchestratorSecrets</name>
                        <newname>b</newname>
                    </method>
                    <method>
                        <signature>Keyfactor.Orchestrators.Core.Configuration.IWritableOptions`1&lt;Keyfactor.Orchestrators.Core.Configuration.OrchestratorOptions&gt;()</signature>
                        <name>get__writableOptions</name>
                        <newname>a</newname>
                    </method>
                </methodlist>
                <fieldlist>
                    <field>
                        <signature>Keyfactor.Orchestrators.Core.Http.Interfaces.IAuthCertificateFactory</signature>
                        <name>&lt;_authCertificateFactory&gt;k__BackingField</name>
                        <newname>b</newname>
                    </field>
                    <field>
                        <signature>Keyfactor.Orchestrators.JobEngine.Interfaces.IJobRegistrationService</signature>
                        <name>&lt;_jobRegistrationService&gt;k__BackingField</name>
                        <newname>c</newname>
                    </field>
                    <field>
                        <signature>Microsoft.Extensions.Logging.ILogger</signature>
                        <name>&lt;_logger&gt;k__BackingField</name>
                        <newname>a</newname>
                    </field>
                    <field>
                        <signature>Keyfactor.Orchestrators.Core.Configuration.SecretSettings</signature>
                        <name>&lt;_orchestratorSecrets&gt;k__BackingField</name>
                        <newname>d</newname>
                    </field>
                    <field>
                        <signature>Keyfactor.Orchestrators.Core.Configuration.IWritableOptions`1&lt;Keyfactor.Orchestrators.Core.Configuration.OrchestratorOptions&gt;</signature>
                        <name>&lt;_writableOptions&gt;k__BackingField</name>
                        <newname>e</newname>
                    </field>
                </fieldlist>
                <propertylist>
                    <property>
                        <signature>bool()</signature>
                        <name>CertAuthEnabled</name>
                    </property>
                    <property>
                        <signature>bool()</signature>
                        <name>CertInWindowsStore</name>
                    </property>
                    <property>
                        <signature>Keyfactor.Orchestrators.Core.Http.Interfaces.IAuthCertificateFactory()</signature>
                        <name>_authCertificateFactory</name>
                    </property>
                    <property>
                        <signature>Keyfactor.Orchestrators.JobEngine.Interfaces.IJobRegistrationService()</signature>
                        <name>_jobRegistrationService</name>
                    </property>
                    <property>
                        <signature>Microsoft.Extensions.Logging.ILogger()</signature>
                        <name>_logger</name>
                    </property>
                    <property>
                        <signature>Keyfactor.Orchestrators.Core.Configuration.SecretSettings()</signature>
                        <name>_orchestratorSecrets</name>
                    </property>
                    <property>
                        <signature>Keyfactor.Orchestrators.Core.Configuration.IWritableOptions`1&lt;Keyfactor.Orchestrators.Core.Configuration.OrchestratorOptions&gt;()</signature>
                        <name>_writableOptions</name>
                    </property>
                </propertylist>
                <eventlist />
            </type>
            <type>
                <name>Keyfactor.Orchestrators.JobEngine.ClientCertificateService/&lt;&gt;c__DisplayClass22_0</name>
                <newname>Keyfactor.Orchestrators.JobEngine.ClientCertificateService/a</newname>
                <methodlist>
                    <method>
                        <signature>void()</signature>
                        <name>.ctor</name>
                    </method>
                    <method>
                        <signature>void(Keyfactor.Orchestrators.Core.Configuration.OrchestratorOptions)</signature>
                        <name>&lt;UpdateClientAuthCertStore&gt;b__0</name>
                        <newname>b</newname>
                    </method>
                </methodlist>
                <fieldlist>
                    <field>
                        <signature>System.Security.Cryptography.X509Certificates.X509Certificate2</signature>
                        <name>x509</name>
                        <newname>a</newname>
                    </field>
                </fieldlist>
                <propertylist />
                <eventlist />
            </type>
            <type>
                <name>Keyfactor.Orchestrators.JobEngine.HeartbeatStatus</name>
                <methodlist />
                <fieldlist>
                    <field>
                        <signature>Keyfactor.Orchestrators.JobEngine.HeartbeatStatus</signature>
                        <name>NeedsRenewed</name>
                    </field>
                    <field>
                        <signature>Keyfactor.Orchestrators.JobEngine.HeartbeatStatus</signature>
                        <name>Unreachable</name>
                    </field>
                    <field>
                        <signature>Keyfactor.Orchestrators.JobEngine.HeartbeatStatus</signature>
                        <name>Valid</name>
                    </field>
                    <field>
                        <signature>int32</signature>
                        <name>value__</name>
                    </field>
                </fieldlist>
                <propertylist />
                <eventlist />
            </type>
            <type>
                <name>Keyfactor.Orchestrators.JobEngine.ISessionClient</name>
                <methodlist>
                    <method>
                        <signature>System.Threading.Tasks.Task`1&lt;Keyfactor.Orchestrators.JobEngine.HeartbeatStatus&gt;(System.Guid)</signature>
                        <name>HeartbeatAsync</name>
                    </method>
                    <method>
                        <signature>System.Threading.Tasks.Task`1&lt;Keyfactor.Orchestrators.Models.OrchestratorSession&gt;(System.Collections.Generic.IEnumerable`1&lt;string&gt;, System.Threading.CancellationToken)</signature>
                        <name>RegisterAsync</name>
                    </method>
                </methodlist>
                <fieldlist />
                <propertylist />
                <eventlist />
            </type>
            <type>
                <name>Keyfactor.Orchestrators.JobEngine.ISomeExtension</name>
                <methodlist>
                    <method>
                        <signature>void()</signature>
                        <name>Run</name>
                    </method>
                </methodlist>
                <fieldlist />
                <propertylist />
                <eventlist />
            </type>
            <type>
                <name>Keyfactor.Orchestrators.JobEngine.Interfaces.IClientCertificateService</name>
                <methodlist>
                    <method>
                        <signature>void(string, Keyfactor.PKI.PrivateKeys.PrivateKeyConverter, System.Threading.CancellationToken)</signature>
                        <name>UpdateClientAuthCert</name>
                    </method>
                    <method>
                        <signature>void()</signature>
                        <name>ValidateCertificateUpdateWorkflow</name>
                    </method>
                    <method>
                        <signature>bool()</signature>
                        <name>get_CertAuthEnabled</name>
                    </method>
                    <method>
                        <signature>bool()</signature>
                        <name>get_CertInWindowsStore</name>
                    </method>
                </methodlist>
                <fieldlist />
                <propertylist>
                    <property>
                        <signature>bool()</signature>
                        <name>CertAuthEnabled</name>
                    </property>
                    <property>
                        <signature>bool()</signature>
                        <name>CertInWindowsStore</name>
                    </property>
                </propertylist>
                <eventlist />
            </type>
            <type>
                <name>Keyfactor.Orchestrators.JobEngine.Interfaces.IJobRegistrationService</name>
                <methodlist>
                    <method>
                        <signature>Quartz.ITrigger(bool, System.Nullable`1&lt;int32&gt;)</signature>
                        <name>BuildHeartbeatTrigger</name>
                    </method>
                    <method>
                        <signature>System.Threading.Tasks.Task()</signature>
                        <name>ClearScheduledJobsAsync</name>
                    </method>
                    <method>
                        <signature>System.Threading.Tasks.Task()</signature>
                        <name>LogCurrentlyScheduledJobsAsync</name>
                    </method>
                    <method>
                        <signature>System.Threading.Tasks.Task(Quartz.TriggerKey, Quartz.ITrigger)</signature>
                        <name>RescheduleJobAsync</name>
                    </method>
                    <method>
                        <signature>System.Threading.Tasks.Task`1&lt;Quartz.TriggerKey&gt;(Keyfactor.Orchestrators.Models.OrchestratorJob)</signature>
                        <name>ScheduleJobAsync</name>
                    </method>
                    <method>
                        <arity>1</arity>
                        <signature>System.Threading.Tasks.Task(Quartz.JobKey, Quartz.ITrigger, Quartz.JobDataMap)</signature>
                        <name>ScheduleSessionJobAsync</name>
                    </method>
                    <method>
                        <signature>System.Threading.Tasks.Task()</signature>
                        <name>StartUpAsync</name>
                    </method>
                    <method>
                        <signature>System.Threading.Tasks.Task(System.Collections.Generic.IEnumerable`1&lt;Quartz.TriggerKey&gt;)</signature>
                        <name>UnscheduleJobsAsync</name>
                    </method>
                </methodlist>
                <fieldlist />
                <propertylist />
                <eventlist />
            </type>
            <type>
                <name>Keyfactor.Orchestrators.JobEngine.JobRegistrationService</name>
                <methodlist>
                    <method>
                        <signature>void(Quartz.ISchedulerFactory, Microsoft.Extensions.Logging.ILogger`1&lt;Keyfactor.Orchestrators.JobEngine.JobRegistrationService&gt;)</signature>
                        <name>.ctor</name>
                    </method>
                    <method>
                        <signature>System.Threading.Tasks.Task(Quartz.JobKey)</signature>
                        <name>AddJobDetailAsync</name>
                        <newname>a</newname>
                    </method>
                    <method>
                        <signature>Quartz.ITrigger(bool, System.Nullable`1&lt;int32&gt;)</signature>
                        <name>BuildHeartbeatTrigger</name>
                    </method>
                    <method>
                        <signature>Quartz.ITrigger(Keyfactor.Orchestrators.Models.OrchestratorJob, Quartz.JobKey, Quartz.TriggerKey)</signature>
                        <name>BuildTrigger</name>
                        <newname>a</newname>
                    </method>
                    <method>
                        <signature>System.Threading.Tasks.Task()</signature>
                        <name>ClearScheduledJobsAsync</name>
                    </method>
                    <method>
                        <signature>Quartz.JobDataMap(Keyfactor.Orchestrators.Models.OrchestratorJob)</signature>
                        <name>GetJobDataMap</name>
                        <newname>b</newname>
                    </method>
                    <method>
                        <signature>System.Threading.Tasks.Task`1&lt;Quartz.IScheduler&gt;()</signature>
                        <name>GetSchedulerAsync</name>
                        <newname>a</newname>
                    </method>
                    <method>
                        <signature>System.Threading.Tasks.Task()</signature>
                        <name>LogCurrentlyScheduledJobsAsync</name>
                    </method>
                    <method>
                        <signature>void(Keyfactor.Orchestrators.Models.OrchestratorJob)</signature>
                        <name>LogJobScheduleInformation</name>
                        <newname>a</newname>
                    </method>
                    <method>
                        <signature>void(Quartz.ITrigger, System.Guid)</signature>
                        <name>LogTriggerFireTimes</name>
                        <newname>a</newname>
                    </method>
                    <method>
                        <signature>System.Threading.Tasks.Task(Quartz.TriggerKey, Quartz.ITrigger)</signature>
                        <name>RescheduleJobAsync</name>
                    </method>
                    <method>
                        <signature>System.Threading.Tasks.Task`1&lt;Quartz.TriggerKey&gt;(Keyfactor.Orchestrators.Models.OrchestratorJob)</signature>
                        <name>ScheduleJobAsync</name>
                    </method>
                    <method>
                        <arity>1</arity>
                        <signature>System.Threading.Tasks.Task(Quartz.JobKey, Quartz.ITrigger, Quartz.JobDataMap)</signature>
                        <name>ScheduleSessionJobAsync</name>
                    </method>
                    <method>
                        <signature>System.Threading.Tasks.Task()</signature>
                        <name>StartUpAsync</name>
                    </method>
                    <method>
                        <signature>System.Threading.Tasks.Task(System.Collections.Generic.IEnumerable`1&lt;Quartz.TriggerKey&gt;)</signature>
                        <name>UnscheduleJobsAsync</name>
                    </method>
                    <method>
                        <signature>Microsoft.Extensions.Logging.ILogger()</signature>
                        <name>get__logger</name>
                        <newname>c</newname>
                    </method>
                    <method>
                        <signature>Quartz.ISchedulerFactory()</signature>
                        <name>get__schedulerFactory</name>
                        <newname>b</newname>
                    </method>
                </methodlist>
                <fieldlist>
                    <field>
                        <signature>Microsoft.Extensions.Logging.ILogger</signature>
                        <name>&lt;_logger&gt;k__BackingField</name>
                        <newname>a</newname>
                    </field>
                    <field>
                        <signature>Quartz.ISchedulerFactory</signature>
                        <name>&lt;_schedulerFactory&gt;k__BackingField</name>
                        <newname>b</newname>
                    </field>
                </fieldlist>
                <propertylist>
                    <property>
                        <signature>Microsoft.Extensions.Logging.ILogger()</signature>
                        <name>_logger</name>
                    </property>
                    <property>
                        <signature>Quartz.ISchedulerFactory()</signature>
                        <name>_schedulerFactory</name>
                    </property>
                </propertylist>
                <eventlist />
            </type>
            <type>
                <name>Keyfactor.Orchestrators.JobEngine.JobRegistrationService/&lt;&gt;c</name>
                <methodlist>
                    <method>
                        <signature>void()</signature>
                        <name>.cctor</name>
                    </method>
                    <method>
                        <signature>void()</signature>
                        <name>.ctor</name>
                    </method>
                    <method>
                        <signature>void(Quartz.CronScheduleBuilder)</signature>
                        <name>&lt;BuildTrigger&gt;b__16_0</name>
                        <newname>a</newname>
                    </method>
                    <method>
                        <signature>string(Quartz.TriggerKey)</signature>
                        <name>&lt;LogCurrentlyScheduledJobsAsync&gt;b__14_0</name>
                        <newname>a</newname>
                    </method>
                </methodlist>
                <fieldlist>
                    <field>
                        <signature>Keyfactor.Orchestrators.JobEngine.JobRegistrationService/&lt;&gt;c</signature>
                        <name>&lt;&gt;9</name>
                    </field>
                    <field>
                        <signature>System.Func`2&lt;Quartz.TriggerKey,string&gt;</signature>
                        <name>&lt;&gt;9__14_0</name>
                    </field>
                    <field>
                        <signature>System.Action`1&lt;Quartz.CronScheduleBuilder&gt;</signature>
                        <name>&lt;&gt;9__16_0</name>
                    </field>
                </fieldlist>
                <propertylist />
                <eventlist />
            </type>
            <type>
                <name>Keyfactor.Orchestrators.JobEngine.JobRegistrationService/&lt;&gt;c__DisplayClass13_0</name>
                <newname>Keyfactor.Orchestrators.JobEngine.JobRegistrationService/a</newname>
                <methodlist>
                    <method>
                        <signature>void()</signature>
                        <name>.ctor</name>
                    </method>
                    <method>
                        <signature>void(Quartz.SimpleScheduleBuilder)</signature>
                        <name>&lt;BuildHeartbeatTrigger&gt;b__0</name>
                        <newname>b</newname>
                    </method>
                </methodlist>
                <fieldlist>
                    <field>
                        <signature>int32</signature>
                        <name>minutesValue</name>
                        <newname>a</newname>
                    </field>
                </fieldlist>
                <propertylist />
                <eventlist />
            </type>
            <type>
                <name>Keyfactor.Orchestrators.JobEngine.JobRegistrationService/&lt;AddJobDetailAsync&gt;d__15</name>
                <newname>Keyfactor.Orchestrators.JobEngine.JobRegistrationService/b</newname>
                <methodlist>
                    <method>
                        <signature>void()</signature>
                        <name>MoveNext</name>
                        <newname>e</newname>
                    </method>
                    <method>
                        <signature>void(System.Runtime.CompilerServices.IAsyncStateMachine)</signature>
                        <name>SetStateMachine</name>
                        <newname>e</newname>
                    </method>
                </methodlist>
                <fieldlist>
                    <field>
                        <signature>int32</signature>
                        <name>&lt;&gt;1__state</name>
                        <newname>a</newname>
                    </field>
                    <field>
                        <signature>Keyfactor.Orchestrators.JobEngine.JobRegistrationService</signature>
                        <name>&lt;&gt;4__this</name>
                        <newname>d</newname>
                    </field>
                    <field>
                        <signature>System.Runtime.CompilerServices.AsyncTaskMethodBuilder</signature>
                        <name>&lt;&gt;t__builder</name>
                        <newname>b</newname>
                    </field>
                    <field>
                        <signature>System.Runtime.CompilerServices.TaskAwaiter`1&lt;Quartz.IScheduler&gt;</signature>
                        <name>&lt;&gt;u__1</name>
                        <newname>f</newname>
                    </field>
                    <field>
                        <signature>System.Runtime.CompilerServices.TaskAwaiter</signature>
                        <name>&lt;&gt;u__2</name>
                        <newname>g</newname>
                    </field>
                    <field>
                        <signature>Quartz.IJobDetail</signature>
                        <name>&lt;newJob&gt;5__2</name>
                        <newname>e</newname>
                    </field>
                    <field>
                        <signature>Quartz.JobKey</signature>
                        <name>jobKey</name>
                        <newname>c</newname>
                    </field>
                </fieldlist>
                <propertylist />
                <eventlist />
            </type>
            <type>
                <name>Keyfactor.Orchestrators.JobEngine.JobRegistrationService/&lt;ClearScheduledJobsAsync&gt;d__9</name>
                <newname>Keyfactor.Orchestrators.JobEngine.JobRegistrationService/c</newname>
                <methodlist>
                    <method>
                        <signature>void()</signature>
                        <name>MoveNext</name>
                        <newname>d</newname>
                    </method>
                    <method>
                        <signature>void(System.Runtime.CompilerServices.IAsyncStateMachine)</signature>
                        <name>SetStateMachine</name>
                        <newname>d</newname>
                    </method>
                </methodlist>
                <fieldlist>
                    <field>
                        <signature>int32</signature>
                        <name>&lt;&gt;1__state</name>
                        <newname>a</newname>
                    </field>
                    <field>
                        <signature>Keyfactor.Orchestrators.JobEngine.JobRegistrationService</signature>
                        <name>&lt;&gt;4__this</name>
                        <newname>c</newname>
                    </field>
                    <field>
                        <signature>System.Collections.Generic.IEnumerable`1&lt;Quartz.JobKey&gt;</signature>
                        <name>&lt;&gt;7__wrap2</name>
                        <newname>g</newname>
                    </field>
                    <field>
                        <signature>System.Runtime.CompilerServices.AsyncTaskMethodBuilder</signature>
                        <name>&lt;&gt;t__builder</name>
                        <newname>b</newname>
                    </field>
                    <field>
                        <signature>System.Runtime.CompilerServices.TaskAwaiter`1&lt;Quartz.IScheduler&gt;</signature>
                        <name>&lt;&gt;u__1</name>
                        <newname>e</newname>
                    </field>
                    <field>
                        <signature>System.Runtime.CompilerServices.TaskAwaiter`1&lt;System.Collections.Generic.IReadOnlyCollection`1&lt;Quartz.JobKey&gt;&gt;</signature>
                        <name>&lt;&gt;u__2</name>
                        <newname>f</newname>
                    </field>
                    <field>
                        <signature>System.Runtime.CompilerServices.TaskAwaiter`1&lt;bool&gt;</signature>
                        <name>&lt;&gt;u__3</name>
                        <newname>h</newname>
                    </field>
                    <field>
                        <signature>Quartz.IScheduler</signature>
                        <name>&lt;scheduler&gt;5__2</name>
                        <newname>d</newname>
                    </field>
                </fieldlist>
                <propertylist />
                <eventlist />
            </type>
            <type>
                <name>Keyfactor.Orchestrators.JobEngine.JobRegistrationService/&lt;GetSchedulerAsync&gt;d__20</name>
                <newname>Keyfactor.Orchestrators.JobEngine.JobRegistrationService/d</newname>
                <methodlist>
                    <method>
                        <signature>void()</signature>
                        <name>MoveNext</name>
                        <newname>d</newname>
                    </method>
                    <method>
                        <signature>void(System.Runtime.CompilerServices.IAsyncStateMachine)</signature>
                        <name>SetStateMachine</name>
                        <newname>d</newname>
                    </method>
                </methodlist>
                <fieldlist>
                    <field>
                        <signature>int32</signature>
                        <name>&lt;&gt;1__state</name>
                        <newname>a</newname>
                    </field>
                    <field>
                        <signature>Keyfactor.Orchestrators.JobEngine.JobRegistrationService</signature>
                        <name>&lt;&gt;4__this</name>
                        <newname>c</newname>
                    </field>
                    <field>
                        <signature>System.Runtime.CompilerServices.AsyncTaskMethodBuilder`1&lt;Quartz.IScheduler&gt;</signature>
                        <name>&lt;&gt;t__builder</name>
                        <newname>b</newname>
                    </field>
                    <field>
                        <signature>System.Runtime.CompilerServices.TaskAwaiter`1&lt;Quartz.IScheduler&gt;</signature>
                        <name>&lt;&gt;u__1</name>
                        <newname>e</newname>
                    </field>
                    <field>
                        <signature>System.Runtime.CompilerServices.TaskAwaiter</signature>
                        <name>&lt;&gt;u__2</name>
                        <newname>f</newname>
                    </field>
                    <field>
                        <signature>Quartz.IScheduler</signature>
                        <name>&lt;scheduler&gt;5__2</name>
                        <newname>d</newname>
                    </field>
                </fieldlist>
                <propertylist />
                <eventlist />
            </type>
            <type>
                <name>Keyfactor.Orchestrators.JobEngine.JobRegistrationService/&lt;LogCurrentlyScheduledJobsAsync&gt;d__14</name>
                <newname>Keyfactor.Orchestrators.JobEngine.JobRegistrationService/e</newname>
                <methodlist>
                    <method>
                        <signature>void()</signature>
                        <name>MoveNext</name>
                        <newname>d</newname>
                    </method>
                    <method>
                        <signature>void(System.Runtime.CompilerServices.IAsyncStateMachine)</signature>
                        <name>SetStateMachine</name>
                        <newname>d</newname>
                    </method>
                </methodlist>
                <fieldlist>
                    <field>
                        <signature>int32</signature>
                        <name>&lt;&gt;1__state</name>
                        <newname>a</newname>
                    </field>
                    <field>
                        <signature>Keyfactor.Orchestrators.JobEngine.JobRegistrationService</signature>
                        <name>&lt;&gt;4__this</name>
                        <newname>c</newname>
                    </field>
                    <field>
                        <signature>System.Runtime.CompilerServices.AsyncTaskMethodBuilder</signature>
                        <name>&lt;&gt;t__builder</name>
                        <newname>b</newname>
                    </field>
                    <field>
                        <signature>System.Runtime.CompilerServices.TaskAwaiter`1&lt;Quartz.IScheduler&gt;</signature>
                        <name>&lt;&gt;u__1</name>
                        <newname>d</newname>
                    </field>
                    <field>
                        <signature>System.Runtime.CompilerServices.TaskAwaiter`1&lt;System.Collections.Generic.IReadOnlyCollection`1&lt;Quartz.TriggerKey&gt;&gt;</signature>
                        <name>&lt;&gt;u__2</name>
                        <newname>e</newname>
                    </field>
                </fieldlist>
                <propertylist />
                <eventlist />
            </type>
            <type>
                <name>Keyfactor.Orchestrators.JobEngine.JobRegistrationService/&lt;RescheduleJobAsync&gt;d__12</name>
                <newname>Keyfactor.Orchestrators.JobEngine.JobRegistrationService/f</newname>
                <methodlist>
                    <method>
                        <signature>void()</signature>
                        <name>MoveNext</name>
                        <newname>f</newname>
                    </method>
                    <method>
                        <signature>void(System.Runtime.CompilerServices.IAsyncStateMachine)</signature>
                        <name>SetStateMachine</name>
                        <newname>f</newname>
                    </method>
                </methodlist>
                <fieldlist>
                    <field>
                        <signature>int32</signature>
                        <name>&lt;&gt;1__state</name>
                        <newname>a</newname>
                    </field>
                    <field>
                        <signature>Keyfactor.Orchestrators.JobEngine.JobRegistrationService</signature>
                        <name>&lt;&gt;4__this</name>
                        <newname>c</newname>
                    </field>
                    <field>
                        <signature>System.Runtime.CompilerServices.AsyncTaskMethodBuilder</signature>
                        <name>&lt;&gt;t__builder</name>
                        <newname>b</newname>
                    </field>
                    <field>
                        <signature>System.Runtime.CompilerServices.TaskAwaiter`1&lt;Quartz.IScheduler&gt;</signature>
                        <name>&lt;&gt;u__1</name>
                        <newname>f</newname>
                    </field>
                    <field>
                        <signature>System.Runtime.CompilerServices.TaskAwaiter`1&lt;System.Nullable`1&lt;System.DateTimeOffset&gt;&gt;</signature>
                        <name>&lt;&gt;u__2</name>
                        <newname>g</newname>
                    </field>
                    <field>
                        <signature>Quartz.ITrigger</signature>
                        <name>trigger</name>
                        <newname>e</newname>
                    </field>
                    <field>
                        <signature>Quartz.TriggerKey</signature>
                        <name>triggerKey</name>
                        <newname>d</newname>
                    </field>
                </fieldlist>
                <propertylist />
                <eventlist />
            </type>
            <type>
                <name>Keyfactor.Orchestrators.JobEngine.JobRegistrationService/&lt;ScheduleJobAsync&gt;d__11</name>
                <newname>Keyfactor.Orchestrators.JobEngine.JobRegistrationService/g</newname>
                <methodlist>
                    <method>
                        <signature>void()</signature>
                        <name>MoveNext</name>
                        <newname>e</newname>
                    </method>
                    <method>
                        <signature>void(System.Runtime.CompilerServices.IAsyncStateMachine)</signature>
                        <name>SetStateMachine</name>
                        <newname>e</newname>
                    </method>
                </methodlist>
                <fieldlist>
                    <field>
                        <signature>int32</signature>
                        <name>&lt;&gt;1__state</name>
                        <newname>a</newname>
                    </field>
                    <field>
                        <signature>Keyfactor.Orchestrators.JobEngine.JobRegistrationService</signature>
                        <name>&lt;&gt;4__this</name>
                        <newname>c</newname>
                    </field>
                    <field>
                        <signature>System.Runtime.CompilerServices.AsyncTaskMethodBuilder`1&lt;Quartz.TriggerKey&gt;</signature>
                        <name>&lt;&gt;t__builder</name>
                        <newname>b</newname>
                    </field>
                    <field>
                        <signature>System.Runtime.CompilerServices.TaskAwaiter`1&lt;Quartz.IScheduler&gt;</signature>
                        <name>&lt;&gt;u__1</name>
                        <newname>g</newname>
                    </field>
                    <field>
                        <signature>System.Runtime.CompilerServices.TaskAwaiter`1&lt;Quartz.ITrigger&gt;</signature>
                        <name>&lt;&gt;u__2</name>
                        <newname>j</newname>
                    </field>
                    <field>
                        <signature>System.Runtime.CompilerServices.TaskAwaiter`1&lt;Quartz.IJobDetail&gt;</signature>
                        <name>&lt;&gt;u__3</name>
                        <newname>k</newname>
                    </field>
                    <field>
                        <signature>System.Runtime.CompilerServices.TaskAwaiter</signature>
                        <name>&lt;&gt;u__4</name>
                        <newname>l</newname>
                    </field>
                    <field>
                        <signature>System.Runtime.CompilerServices.TaskAwaiter`1&lt;System.DateTimeOffset&gt;</signature>
                        <name>&lt;&gt;u__5</name>
                        <newname>m</newname>
                    </field>
                    <field>
                        <signature>System.Runtime.CompilerServices.TaskAwaiter`1&lt;System.Nullable`1&lt;System.DateTimeOffset&gt;&gt;</signature>
                        <name>&lt;&gt;u__6</name>
                        <newname>n</newname>
                    </field>
                    <field>
                        <signature>Quartz.JobKey</signature>
                        <name>&lt;jobKey&gt;5__4</name>
                        <newname>h</newname>
                    </field>
                    <field>
                        <signature>Quartz.IScheduler</signature>
                        <name>&lt;scheduler&gt;5__3</name>
                        <newname>f</newname>
                    </field>
                    <field>
                        <signature>Quartz.ITrigger</signature>
                        <name>&lt;trigger&gt;5__5</name>
                        <newname>i</newname>
                    </field>
                    <field>
                        <signature>Quartz.TriggerKey</signature>
                        <name>&lt;triggerKey&gt;5__2</name>
                        <newname>e</newname>
                    </field>
                    <field>
                        <signature>Keyfactor.Orchestrators.Models.OrchestratorJob</signature>
                        <name>job</name>
                        <newname>d</newname>
                    </field>
                </fieldlist>
                <propertylist />
                <eventlist />
            </type>
            <type>
                <arity>1</arity>
                <genericparameter sequence="0">
                    <name>T</name>
                    <newname>a</newname>
                </genericparameter>
                <name>Keyfactor.Orchestrators.JobEngine.JobRegistrationService/&lt;ScheduleSessionJobAsync&gt;d__8`1</name>
                <newname>Keyfactor.Orchestrators.JobEngine.JobRegistrationService/h</newname>
                <methodlist>
                    <method>
                        <signature>void()</signature>
                        <name>MoveNext</name>
                        <newname>g</newname>
                    </method>
                    <method>
                        <signature>void(System.Runtime.CompilerServices.IAsyncStateMachine)</signature>
                        <name>SetStateMachine</name>
                        <newname>g</newname>
                    </method>
                </methodlist>
                <fieldlist>
                    <field>
                        <signature>int32</signature>
                        <name>&lt;&gt;1__state</name>
                        <newname>a</newname>
                    </field>
                    <field>
                        <signature>Keyfactor.Orchestrators.JobEngine.JobRegistrationService</signature>
                        <name>&lt;&gt;4__this</name>
                        <newname>c</newname>
                    </field>
                    <field>
                        <signature>System.Runtime.CompilerServices.AsyncTaskMethodBuilder</signature>
                        <name>&lt;&gt;t__builder</name>
                        <newname>b</newname>
                    </field>
                    <field>
                        <signature>System.Runtime.CompilerServices.TaskAwaiter`1&lt;Quartz.IScheduler&gt;</signature>
                        <name>&lt;&gt;u__1</name>
                        <newname>h</newname>
                    </field>
                    <field>
                        <signature>System.Runtime.CompilerServices.TaskAwaiter</signature>
                        <name>&lt;&gt;u__2</name>
                        <newname>i</newname>
                    </field>
                    <field>
                        <signature>Quartz.IScheduler</signature>
                        <name>&lt;scheduler&gt;5__2</name>
                        <newname>g</newname>
                    </field>
                    <field>
                        <signature>Quartz.JobDataMap</signature>
                        <name>dataMap</name>
                        <newname>e</newname>
                    </field>
                    <field>
                        <signature>Quartz.JobKey</signature>
                        <name>jobKey</name>
                        <newname>d</newname>
                    </field>
                    <field>
                        <signature>Quartz.ITrigger</signature>
                        <name>trigger</name>
                        <newname>f</newname>
                    </field>
                </fieldlist>
                <propertylist />
                <eventlist />
            </type>
            <type>
                <name>Keyfactor.Orchestrators.JobEngine.JobRegistrationService/&lt;StartUpAsync&gt;d__7</name>
                <newname>Keyfactor.Orchestrators.JobEngine.JobRegistrationService/i</newname>
                <methodlist>
                    <method>
                        <signature>void()</signature>
                        <name>MoveNext</name>
                        <newname>d</newname>
                    </method>
                    <method>
                        <signature>void(System.Runtime.CompilerServices.IAsyncStateMachine)</signature>
                        <name>SetStateMachine</name>
                        <newname>d</newname>
                    </method>
                </methodlist>
                <fieldlist>
                    <field>
                        <signature>int32</signature>
                        <name>&lt;&gt;1__state</name>
                        <newname>a</newname>
                    </field>
                    <field>
                        <signature>Keyfactor.Orchestrators.JobEngine.JobRegistrationService</signature>
                        <name>&lt;&gt;4__this</name>
                        <newname>c</newname>
                    </field>
                    <field>
                        <signature>System.Runtime.CompilerServices.AsyncTaskMethodBuilder</signature>
                        <name>&lt;&gt;t__builder</name>
                        <newname>b</newname>
                    </field>
                    <field>
                        <signature>System.Runtime.CompilerServices.TaskAwaiter</signature>
                        <name>&lt;&gt;u__1</name>
                        <newname>d</newname>
                    </field>
                </fieldlist>
                <propertylist />
                <eventlist />
            </type>
            <type>
                <name>Keyfactor.Orchestrators.JobEngine.JobRegistrationService/&lt;UnscheduleJobsAsync&gt;d__10</name>
                <newname>Keyfactor.Orchestrators.JobEngine.JobRegistrationService/j</newname>
                <methodlist>
                    <method>
                        <signature>void()</signature>
                        <name>MoveNext</name>
                        <newname>e</newname>
                    </method>
                    <method>
                        <signature>void(System.Runtime.CompilerServices.IAsyncStateMachine)</signature>
                        <name>SetStateMachine</name>
                        <newname>e</newname>
                    </method>
                </methodlist>
                <fieldlist>
                    <field>
                        <signature>int32</signature>
                        <name>&lt;&gt;1__state</name>
                        <newname>a</newname>
                    </field>
                    <field>
                        <signature>Keyfactor.Orchestrators.JobEngine.JobRegistrationService</signature>
                        <name>&lt;&gt;4__this</name>
                        <newname>c</newname>
                    </field>
                    <field>
                        <signature>System.Collections.Generic.IEnumerable`1&lt;Quartz.TriggerKey&gt;</signature>
                        <name>&lt;&gt;7__wrap2</name>
                        <newname>h</newname>
                    </field>
                    <field>
                        <signature>System.Runtime.CompilerServices.AsyncTaskMethodBuilder</signature>
                        <name>&lt;&gt;t__builder</name>
                        <newname>b</newname>
                    </field>
                    <field>
                        <signature>System.Runtime.CompilerServices.TaskAwaiter`1&lt;Quartz.IScheduler&gt;</signature>
                        <name>&lt;&gt;u__1</name>
                        <newname>f</newname>
                    </field>
                    <field>
                        <signature>System.Runtime.CompilerServices.TaskAwaiter`1&lt;System.Collections.Generic.IReadOnlyCollection`1&lt;Quartz.TriggerKey&gt;&gt;</signature>
                        <name>&lt;&gt;u__2</name>
                        <newname>g</newname>
                    </field>
                    <field>
                        <signature>System.Runtime.CompilerServices.TaskAwaiter`1&lt;bool&gt;</signature>
                        <name>&lt;&gt;u__3</name>
                        <newname>i</newname>
                    </field>
                    <field>
                        <signature>Quartz.IScheduler</signature>
                        <name>&lt;scheduler&gt;5__2</name>
                        <newname>e</newname>
                    </field>
                    <field>
                        <signature>System.Collections.Generic.IEnumerable`1&lt;Quartz.TriggerKey&gt;</signature>
                        <name>newTriggerKeys</name>
                        <newname>d</newname>
                    </field>
                </fieldlist>
                <propertylist />
                <eventlist />
            </type>
            <type>
                <name>Keyfactor.Orchestrators.JobEngine.LoggingExamples</name>
                <methodlist>
                    <method>
                        <signature>void(Microsoft.Extensions.Logging.ILoggerFactory)</signature>
                        <name>.ctor</name>
                    </method>
                    <method>
                        <signature>void()</signature>
                        <name>Run</name>
                    </method>
                    <method>
                        <signature>Microsoft.Extensions.Logging.ILogger`1&lt;Keyfactor.Orchestrators.JobEngine.LoggingExamples&gt;()</signature>
                        <name>get_Logger</name>
                        <newname>a</newname>
                    </method>
                </methodlist>
                <fieldlist>
                    <field>
                        <signature>Microsoft.Extensions.Logging.ILogger`1&lt;Keyfactor.Orchestrators.JobEngine.LoggingExamples&gt;</signature>
                        <name>_logger</name>
                        <newname>a</newname>
                    </field>
                    <field>
                        <signature>Microsoft.Extensions.Logging.ILogger`1&lt;Keyfactor.Orchestrators.JobEngine.LoggingExamples&gt;</signature>
                        <name>_logger2</name>
                        <newname>b</newname>
                    </field>
                </fieldlist>
                <propertylist>
                    <property>
                        <signature>Microsoft.Extensions.Logging.ILogger`1&lt;Keyfactor.Orchestrators.JobEngine.LoggingExamples&gt;()</signature>
                        <name>Logger</name>
                    </property>
                </propertylist>
                <eventlist />
            </type>
            <type>
                <name>Keyfactor.Orchestrators.JobEngine.SessionClient</name>
                <methodlist>
                    <method>
                        <signature>void(System.Collections.Generic.IEnumerable`1&lt;Keyfactor.Orchestrators.Extensions.IOrchestratorRegistrationUpdater&gt;, Microsoft.Extensions.Options.IOptions`1&lt;Keyfactor.Orchestrators.Core.Configuration.OrchestratorOptions&gt;, Keyfactor.Orchestrators.JobEngine.Interfaces.IClientCertificateService, Keyfactor.Orchestrators.Core.Http.Interfaces.IKeyfactorHttpClient)</signature>
                        <name>.ctor</name>
                    </method>
                    <method>
                        <signature>string()</signature>
                        <name>GetUpdatedCSR</name>
                        <newname>a</newname>
                    </method>
                    <method>
                        <signature>System.Collections.Generic.Dictionary`2&lt;string,string&gt;()</signature>
                        <name>GetUpdatedParameters</name>
                        <newname>b</newname>
                    </method>
                    <method>
                        <signature>System.Threading.Tasks.Task`1&lt;Keyfactor.Orchestrators.JobEngine.HeartbeatStatus&gt;(System.Guid)</signature>
                        <name>HeartbeatAsync</name>
                    </method>
                    <method>
                        <signature>void(Keyfactor.Orchestrators.Models.RequestResult, string)</signature>
                        <name>LogResult</name>
                        <newname>a</newname>
                    </method>
                    <method>
                        <signature>System.Collections.Generic.List`1&lt;System.Collections.Generic.KeyValuePair`2&lt;Keyfactor.PKI.PKIConstants/X509/SubjectAltNameElementType,string&gt;&gt;(System.Collections.Generic.Dictionary`2&lt;string,System.Collections.Generic.List`1&lt;string&gt;&gt;)</signature>
                        <name>ParseSANsToSubjectAltNameElementTypes</name>
                        <newname>a</newname>
                    </method>
                    <method>
                        <signature>System.Threading.Tasks.Task`1&lt;Keyfactor.Orchestrators.Models.OrchestratorSession&gt;(System.Collections.Generic.IEnumerable`1&lt;string&gt;, System.Threading.CancellationToken)</signature>
                        <name>RegisterAsync</name>
                    </method>
                    <method>
                        <signature>System.Threading.Tasks.Task`1&lt;Keyfactor.Orchestrators.Models.SessionRegisterResponse&gt;(System.Collections.Generic.IEnumerable`1&lt;string&gt;, System.Threading.CancellationToken)</signature>
                        <name>ReregisterAndStoreNewCertificate</name>
                        <newname>a</newname>
                    </method>
                    <method>
                        <signature>System.Threading.Tasks.Task`1&lt;Keyfactor.Orchestrators.Models.SessionRegisterResponse&gt;(Keyfactor.Orchestrators.Models.SessionRegisterResponse, System.Collections.Generic.IEnumerable`1&lt;string&gt;, System.Threading.CancellationToken)</signature>
                        <name>RetryRegistration</name>
                        <newname>a</newname>
                    </method>
                    <method>
                        <signature>System.Threading.Tasks.Task`1&lt;Keyfactor.Orchestrators.Models.SessionRegisterResponse&gt;(System.Collections.Generic.IEnumerable`1&lt;string&gt;)</signature>
                        <name>SendRegisterRequestAsync</name>
                        <newname>a</newname>
                    </method>
                    <method>
                        <signature>void(System.DateTime)</signature>
                        <name>TraceTimeDifference</name>
                        <newname>a</newname>
                    </method>
                    <method>
                        <signature>Keyfactor.Orchestrators.JobEngine.Interfaces.IClientCertificateService()</signature>
                        <name>get__clientCertificateService</name>
                        <newname>d</newname>
                    </method>
                    <method>
                        <signature>Keyfactor.Orchestrators.Core.Http.Interfaces.IKeyfactorHttpClient()</signature>
                        <name>get__httpClient</name>
                        <newname>e</newname>
                    </method>
                    <method>
                        <signature>Microsoft.Extensions.Logging.ILogger()</signature>
                        <name>get__logger</name>
                        <newname>c</newname>
                    </method>
                    <method>
                        <signature>bool()</signature>
                        <name>get__needsNewCertificate</name>
                        <newname>i</newname>
                    </method>
                    <method>
                        <signature>Keyfactor.PKI.PrivateKeys.PrivateKeyConverter()</signature>
                        <name>get__privateKeyConverter</name>
                        <newname>g</newname>
                    </method>
                    <method>
                        <signature>System.Collections.Generic.IEnumerable`1&lt;Keyfactor.Orchestrators.Extensions.IOrchestratorRegistrationUpdater&gt;()</signature>
                        <name>get__registrationUpdaters</name>
                        <newname>h</newname>
                    </method>
                    <method>
                        <signature>Keyfactor.Orchestrators.Core.Configuration.OrchestratorOptions()</signature>
                        <name>get__settings</name>
                        <newname>f</newname>
                    </method>
                    <method>
                        <signature>void(bool)</signature>
                        <name>set__needsNewCertificate</name>
                        <newname>a</newname>
                    </method>
                    <method>
                        <signature>void(Keyfactor.PKI.PrivateKeys.PrivateKeyConverter)</signature>
                        <name>set__privateKeyConverter</name>
                        <newname>a</newname>
                    </method>
                    <method>
                        <signature>void(Keyfactor.Orchestrators.Core.Configuration.OrchestratorOptions)</signature>
                        <name>set__settings</name>
                        <newname>a</newname>
                    </method>
                </methodlist>
                <fieldlist>
                    <field>
                        <signature>Keyfactor.Orchestrators.JobEngine.Interfaces.IClientCertificateService</signature>
                        <name>&lt;_clientCertificateService&gt;k__BackingField</name>
                        <newname>g</newname>
                    </field>
                    <field>
                        <signature>Keyfactor.Orchestrators.Core.Http.Interfaces.IKeyfactorHttpClient</signature>
                        <name>&lt;_httpClient&gt;k__BackingField</name>
                        <newname>f</newname>
                    </field>
                    <field>
                        <signature>Microsoft.Extensions.Logging.ILogger</signature>
                        <name>&lt;_logger&gt;k__BackingField</name>
                        <newname>h</newname>
                    </field>
                    <field>
                        <signature>bool</signature>
                        <name>&lt;_needsNewCertificate&gt;k__BackingField</name>
                        <newname>b</newname>
                    </field>
                    <field>
                        <signature>Keyfactor.PKI.PrivateKeys.PrivateKeyConverter</signature>
                        <name>&lt;_privateKeyConverter&gt;k__BackingField</name>
                        <newname>d</newname>
                    </field>
                    <field>
                        <signature>System.Collections.Generic.IEnumerable`1&lt;Keyfactor.Orchestrators.Extensions.IOrchestratorRegistrationUpdater&gt;</signature>
                        <name>&lt;_registrationUpdaters&gt;k__BackingField</name>
                        <newname>c</newname>
                    </field>
                    <field>
                        <signature>Keyfactor.Orchestrators.Core.Configuration.OrchestratorOptions</signature>
                        <name>&lt;_settings&gt;k__BackingField</name>
                        <newname>e</newname>
                    </field>
                    <field>
                        <signature>int16</signature>
                        <name>_APP_PLATFORM_NETCORE</name>
                        <newname>a</newname>
                    </field>
                </fieldlist>
                <propertylist>
                    <property>
                        <signature>Keyfactor.Orchestrators.JobEngine.Interfaces.IClientCertificateService()</signature>
                        <name>_clientCertificateService</name>
                    </property>
                    <property>
                        <signature>Keyfactor.Orchestrators.Core.Http.Interfaces.IKeyfactorHttpClient()</signature>
                        <name>_httpClient</name>
                    </property>
                    <property>
                        <signature>Microsoft.Extensions.Logging.ILogger()</signature>
                        <name>_logger</name>
                    </property>
                    <property>
                        <signature>bool()</signature>
                        <name>_needsNewCertificate</name>
                    </property>
                    <property>
                        <signature>Keyfactor.PKI.PrivateKeys.PrivateKeyConverter()</signature>
                        <name>_privateKeyConverter</name>
                    </property>
                    <property>
                        <signature>System.Collections.Generic.IEnumerable`1&lt;Keyfactor.Orchestrators.Extensions.IOrchestratorRegistrationUpdater&gt;()</signature>
                        <name>_registrationUpdaters</name>
                    </property>
                    <property>
                        <signature>Keyfactor.Orchestrators.Core.Configuration.OrchestratorOptions()</signature>
                        <name>_settings</name>
                    </property>
                </propertylist>
                <eventlist />
            </type>
            <type>
                <name>Keyfactor.Orchestrators.JobEngine.SessionClient/&lt;&gt;c</name>
                <methodlist>
                    <method>
                        <signature>void()</signature>
                        <name>.cctor</name>
                    </method>
                    <method>
                        <signature>void()</signature>
                        <name>.ctor</name>
                    </method>
                    <method>
                        <signature>System.Collections.Generic.KeyValuePair`2&lt;Keyfactor.PKI.PKIConstants/X509/SubjectAltNameElementType,string&gt;(System.Collections.Generic.KeyValuePair`2&lt;Keyfactor.PKI.PKIConstants/X509/SubjectAltNameElementType,string&gt;)</signature>
                        <name>&lt;GetUpdatedCSR&gt;b__34_0</name>
                        <newname>a</newname>
                    </method>
                </methodlist>
                <fieldlist>
                    <field>
                        <signature>Keyfactor.Orchestrators.JobEngine.SessionClient/&lt;&gt;c</signature>
                        <name>&lt;&gt;9</name>
                    </field>
                    <field>
                        <signature>System.Func`2&lt;System.Collections.Generic.KeyValuePair`2&lt;Keyfactor.PKI.PKIConstants/X509/SubjectAltNameElementType,string&gt;,System.Collections.Generic.KeyValuePair`2&lt;Keyfactor.PKI.PKIConstants/X509/SubjectAltNameElementType,string&gt;&gt;</signature>
                        <name>&lt;&gt;9__34_0</name>
                    </field>
                </fieldlist>
                <propertylist />
                <eventlist />
            </type>
            <type>
                <name>Keyfactor.Orchestrators.JobEngine.SessionClient/&lt;HeartbeatAsync&gt;d__30</name>
                <newname>Keyfactor.Orchestrators.JobEngine.SessionClient/a</newname>
                <methodlist>
                    <method>
                        <signature>void()</signature>
                        <name>MoveNext</name>
                        <newname>e</newname>
                    </method>
                    <method>
                        <signature>void(System.Runtime.CompilerServices.IAsyncStateMachine)</signature>
                        <name>SetStateMachine</name>
                        <newname>e</newname>
                    </method>
                </methodlist>
                <fieldlist>
                    <field>
                        <signature>int32</signature>
                        <name>&lt;&gt;1__state</name>
                        <newname>a</newname>
                    </field>
                    <field>
                        <signature>Keyfactor.Orchestrators.JobEngine.SessionClient</signature>
                        <name>&lt;&gt;4__this</name>
                        <newname>c</newname>
                    </field>
                    <field>
                        <signature>System.Runtime.CompilerServices.AsyncTaskMethodBuilder`1&lt;Keyfactor.Orchestrators.JobEngine.HeartbeatStatus&gt;</signature>
                        <name>&lt;&gt;t__builder</name>
                        <newname>b</newname>
                    </field>
                    <field>
                        <signature>System.Runtime.CompilerServices.TaskAwaiter`1&lt;Keyfactor.Orchestrators.Models.Contracts.Requests.SessionHeartBeatResponse&gt;</signature>
                        <name>&lt;&gt;u__1</name>
                        <newname>f</newname>
                    </field>
                    <field>
                        <signature>string</signature>
                        <name>&lt;uri&gt;5__2</name>
                        <newname>e</newname>
                    </field>
                    <field>
                        <signature>System.Guid</signature>
                        <name>sessionToken</name>
                        <newname>d</newname>
                    </field>
                </fieldlist>
                <propertylist />
                <eventlist />
            </type>
            <type>
                <name>Keyfactor.Orchestrators.JobEngine.SessionClient/&lt;RegisterAsync&gt;d__26</name>
                <newname>Keyfactor.Orchestrators.JobEngine.SessionClient/b</newname>
                <methodlist>
                    <method>
                        <signature>void()</signature>
                        <name>MoveNext</name>
                        <newname>f</newname>
                    </method>
                    <method>
                        <signature>void(System.Runtime.CompilerServices.IAsyncStateMachine)</signature>
                        <name>SetStateMachine</name>
                        <newname>f</newname>
                    </method>
                </methodlist>
                <fieldlist>
                    <field>
                        <signature>int32</signature>
                        <name>&lt;&gt;1__state</name>
                        <newname>a</newname>
                    </field>
                    <field>
                        <signature>Keyfactor.Orchestrators.JobEngine.SessionClient</signature>
                        <name>&lt;&gt;4__this</name>
                        <newname>c</newname>
                    </field>
                    <field>
                        <signature>System.Runtime.CompilerServices.AsyncTaskMethodBuilder`1&lt;Keyfactor.Orchestrators.Models.OrchestratorSession&gt;</signature>
                        <name>&lt;&gt;t__builder</name>
                        <newname>b</newname>
                    </field>
                    <field>
                        <signature>System.Runtime.CompilerServices.TaskAwaiter`1&lt;Keyfactor.Orchestrators.Models.SessionRegisterResponse&gt;</signature>
                        <name>&lt;&gt;u__1</name>
                        <newname>f</newname>
                    </field>
                    <field>
                        <signature>System.Threading.CancellationToken</signature>
                        <name>cancellationToken</name>
                        <newname>e</newname>
                    </field>
                    <field>
                        <signature>System.Collections.Generic.IEnumerable`1&lt;string&gt;</signature>
                        <name>capabilities</name>
                        <newname>d</newname>
                    </field>
                </fieldlist>
                <propertylist />
                <eventlist />
            </type>
            <type>
                <name>Keyfactor.Orchestrators.JobEngine.SessionClient/&lt;ReregisterAndStoreNewCertificate&gt;d__28</name>
                <newname>Keyfactor.Orchestrators.JobEngine.SessionClient/c</newname>
                <methodlist>
                    <method>
                        <signature>void()</signature>
                        <name>MoveNext</name>
                        <newname>f</newname>
                    </method>
                    <method>
                        <signature>void(System.Runtime.CompilerServices.IAsyncStateMachine)</signature>
                        <name>SetStateMachine</name>
                        <newname>f</newname>
                    </method>
                </methodlist>
                <fieldlist>
                    <field>
                        <signature>int32</signature>
                        <name>&lt;&gt;1__state</name>
                        <newname>a</newname>
                    </field>
                    <field>
                        <signature>Keyfactor.Orchestrators.JobEngine.SessionClient</signature>
                        <name>&lt;&gt;4__this</name>
                        <newname>c</newname>
                    </field>
                    <field>
                        <signature>System.Runtime.CompilerServices.AsyncTaskMethodBuilder`1&lt;Keyfactor.Orchestrators.Models.SessionRegisterResponse&gt;</signature>
                        <name>&lt;&gt;t__builder</name>
                        <newname>b</newname>
                    </field>
                    <field>
                        <signature>System.Runtime.CompilerServices.TaskAwaiter`1&lt;Keyfactor.Orchestrators.Models.SessionRegisterResponse&gt;</signature>
                        <name>&lt;&gt;u__1</name>
                        <newname>f</newname>
                    </field>
                    <field>
                        <signature>System.Threading.CancellationToken</signature>
                        <name>cancellationToken</name>
                        <newname>e</newname>
                    </field>
                    <field>
                        <signature>System.Collections.Generic.IEnumerable`1&lt;string&gt;</signature>
                        <name>capabilities</name>
                        <newname>d</newname>
                    </field>
                </fieldlist>
                <propertylist />
                <eventlist />
            </type>
            <type>
                <name>Keyfactor.Orchestrators.JobEngine.SessionClient/&lt;RetryRegistration&gt;d__27</name>
                <newname>Keyfactor.Orchestrators.JobEngine.SessionClient/d</newname>
                <methodlist>
                    <method>
                        <signature>void()</signature>
                        <name>MoveNext</name>
                        <newname>g</newname>
                    </method>
                    <method>
                        <signature>void(System.Runtime.CompilerServices.IAsyncStateMachine)</signature>
                        <name>SetStateMachine</name>
                        <newname>g</newname>
                    </method>
                </methodlist>
                <fieldlist>
                    <field>
                        <signature>int32</signature>
                        <name>&lt;&gt;1__state</name>
                        <newname>a</newname>
                    </field>
                    <field>
                        <signature>Keyfactor.Orchestrators.JobEngine.SessionClient</signature>
                        <name>&lt;&gt;4__this</name>
                        <newname>d</newname>
                    </field>
                    <field>
                        <signature>System.Runtime.CompilerServices.AsyncTaskMethodBuilder`1&lt;Keyfactor.Orchestrators.Models.SessionRegisterResponse&gt;</signature>
                        <name>&lt;&gt;t__builder</name>
                        <newname>b</newname>
                    </field>
                    <field>
                        <signature>System.Runtime.CompilerServices.TaskAwaiter`1&lt;Keyfactor.Orchestrators.Models.SessionRegisterResponse&gt;</signature>
                        <name>&lt;&gt;u__1</name>
                        <newname>g</newname>
                    </field>
                    <field>
                        <signature>System.Threading.CancellationToken</signature>
                        <name>cancellationToken</name>
                        <newname>f</newname>
                    </field>
                    <field>
                        <signature>System.Collections.Generic.IEnumerable`1&lt;string&gt;</signature>
                        <name>capabilities</name>
                        <newname>e</newname>
                    </field>
                    <field>
                        <signature>Keyfactor.Orchestrators.Models.SessionRegisterResponse</signature>
                        <name>registrationResponse</name>
                        <newname>c</newname>
                    </field>
                </fieldlist>
                <propertylist />
                <eventlist />
            </type>
            <type>
                <name>Keyfactor.Orchestrators.JobEngine.SessionClient/&lt;SendRegisterRequestAsync&gt;d__29</name>
                <newname>Keyfactor.Orchestrators.JobEngine.SessionClient/e</newname>
                <methodlist>
                    <method>
                        <signature>void()</signature>
                        <name>MoveNext</name>
                        <newname>e</newname>
                    </method>
                    <method>
                        <signature>void(System.Runtime.CompilerServices.IAsyncStateMachine)</signature>
                        <name>SetStateMachine</name>
                        <newname>e</newname>
                    </method>
                </methodlist>
                <fieldlist>
                    <field>
                        <signature>int32</signature>
                        <name>&lt;&gt;1__state</name>
                        <newname>a</newname>
                    </field>
                    <field>
                        <signature>Keyfactor.Orchestrators.JobEngine.SessionClient</signature>
                        <name>&lt;&gt;4__this</name>
                        <newname>c</newname>
                    </field>
                    <field>
                        <signature>System.Runtime.CompilerServices.AsyncTaskMethodBuilder`1&lt;Keyfactor.Orchestrators.Models.SessionRegisterResponse&gt;</signature>
                        <name>&lt;&gt;t__builder</name>
                        <newname>b</newname>
                    </field>
                    <field>
                        <signature>System.Runtime.CompilerServices.TaskAwaiter`1&lt;Keyfactor.Orchestrators.Models.SessionRegisterResponse&gt;</signature>
                        <name>&lt;&gt;u__1</name>
                        <newname>f</newname>
                    </field>
                    <field>
                        <signature>string</signature>
                        <name>&lt;uri&gt;5__2</name>
                        <newname>e</newname>
                    </field>
                    <field>
                        <signature>System.Collections.Generic.IEnumerable`1&lt;string&gt;</signature>
                        <name>capabilities</name>
                        <newname>d</newname>
                    </field>
                </fieldlist>
                <propertylist />
                <eventlist />
            </type>
            <type>
                <name>Keyfactor.Orchestrators.JobEngine.SessionJobExecutor</name>
                <methodlist>
                    <method>
                        <signature>void(Keyfactor.Orchestrators.JobEngine.ISessionClient, Keyfactor.Orchestrators.JobEngine.Interfaces.IJobRegistrationService, Microsoft.Extensions.Configuration.IConfiguration, Microsoft.Extensions.Logging.ILogger`1&lt;Keyfactor.Orchestrators.JobEngine.SessionJobExecutor&gt;)</signature>
                        <name>.ctor</name>
                    </method>
                    <method>
                        <signature>System.Threading.Tasks.Task(Quartz.IJobExecutionContext)</signature>
                        <name>Execute</name>
                    </method>
                    <method>
                        <signature>bool(Keyfactor.Orchestrators.JobEngine.HeartbeatStatus, Quartz.IJobExecutionContext, int32&amp;)</signature>
                        <name>HandleHeartbeatResponse</name>
                        <newname>a</newname>
                    </method>
                    <method>
                        <signature>System.Threading.Tasks.Task(System.Collections.Generic.IEnumerable`1&lt;Keyfactor.Orchestrators.Models.OrchestratorJob&gt;)</signature>
                        <name>ScheduleJobs</name>
                        <newname>a</newname>
                    </method>
                    <method>
                        <signature>Keyfactor.Orchestrators.JobEngine.Interfaces.IJobRegistrationService()</signature>
                        <name>get__jobRegistrationService</name>
                        <newname>b</newname>
                    </method>
                    <method>
                        <signature>Microsoft.Extensions.Logging.ILogger()</signature>
                        <name>get__logger</name>
                        <newname>a</newname>
                    </method>
                    <method>
                        <signature>System.Collections.Generic.IEnumerable`1&lt;string&gt;()</signature>
                        <name>get__registeredCapabilities</name>
                        <newname>c</newname>
                    </method>
                    <method>
                        <signature>Keyfactor.Orchestrators.JobEngine.ISessionClient()</signature>
                        <name>get__sessionHttpClient</name>
                        <newname>d</newname>
                    </method>
                </methodlist>
                <fieldlist>
                    <field>
                        <signature>Keyfactor.Orchestrators.JobEngine.Interfaces.IJobRegistrationService</signature>
                        <name>&lt;_jobRegistrationService&gt;k__BackingField</name>
                        <newname>c</newname>
                    </field>
                    <field>
                        <signature>Microsoft.Extensions.Logging.ILogger</signature>
                        <name>&lt;_logger&gt;k__BackingField</name>
                        <newname>d</newname>
                    </field>
                    <field>
                        <signature>System.Collections.Generic.IEnumerable`1&lt;string&gt;</signature>
                        <name>&lt;_registeredCapabilities&gt;k__BackingField</name>
                        <newname>b</newname>
                    </field>
                    <field>
                        <signature>Keyfactor.Orchestrators.JobEngine.ISessionClient</signature>
                        <name>&lt;_sessionHttpClient&gt;k__BackingField</name>
                        <newname>a</newname>
                    </field>
                </fieldlist>
                <propertylist>
                    <property>
                        <signature>Keyfactor.Orchestrators.JobEngine.Interfaces.IJobRegistrationService()</signature>
                        <name>_jobRegistrationService</name>
                    </property>
                    <property>
                        <signature>Microsoft.Extensions.Logging.ILogger()</signature>
                        <name>_logger</name>
                    </property>
                    <property>
                        <signature>System.Collections.Generic.IEnumerable`1&lt;string&gt;()</signature>
                        <name>_registeredCapabilities</name>
                    </property>
                    <property>
                        <signature>Keyfactor.Orchestrators.JobEngine.ISessionClient()</signature>
                        <name>_sessionHttpClient</name>
                    </property>
                </propertylist>
                <eventlist />
            </type>
            <type>
                <name>Keyfactor.Orchestrators.JobEngine.SessionJobExecutor/&lt;&gt;c</name>
                <methodlist>
                    <method>
                        <signature>void()</signature>
                        <name>.cctor</name>
                    </method>
                    <method>
                        <signature>void()</signature>
                        <name>.ctor</name>
                    </method>
                    <method>
                        <signature>int32(Keyfactor.Orchestrators.Models.OrchestratorJob)</signature>
                        <name>&lt;Execute&gt;b__13_0</name>
                        <newname>a</newname>
                    </method>
                </methodlist>
                <fieldlist>
                    <field>
                        <signature>Keyfactor.Orchestrators.JobEngine.SessionJobExecutor/&lt;&gt;c</signature>
                        <name>&lt;&gt;9</name>
                    </field>
                    <field>
                        <signature>System.Func`2&lt;Keyfactor.Orchestrators.Models.OrchestratorJob,int32&gt;</signature>
                        <name>&lt;&gt;9__13_0</name>
                    </field>
                </fieldlist>
                <propertylist />
                <eventlist />
            </type>
            <type>
                <name>Keyfactor.Orchestrators.JobEngine.SessionJobExecutor/&lt;Execute&gt;d__13</name>
                <newname>Keyfactor.Orchestrators.JobEngine.SessionJobExecutor/a</newname>
                <methodlist>
                    <method>
                        <signature>void()</signature>
                        <name>MoveNext</name>
                        <newname>e</newname>
                    </method>
                    <method>
                        <signature>void(System.Runtime.CompilerServices.IAsyncStateMachine)</signature>
                        <name>SetStateMachine</name>
                        <newname>e</newname>
                    </method>
                </methodlist>
                <fieldlist>
                    <field>
                        <signature>int32</signature>
                        <name>&lt;&gt;1__state</name>
                        <newname>a</newname>
                    </field>
                    <field>
                        <signature>Keyfactor.Orchestrators.JobEngine.SessionJobExecutor</signature>
                        <name>&lt;&gt;4__this</name>
                        <newname>c</newname>
                    </field>
                    <field>
                        <signature>System.Runtime.CompilerServices.AsyncTaskMethodBuilder</signature>
                        <name>&lt;&gt;t__builder</name>
                        <newname>b</newname>
                    </field>
                    <field>
                        <signature>System.Runtime.CompilerServices.TaskAwaiter</signature>
                        <name>&lt;&gt;u__1</name>
                        <newname>f</newname>
                    </field>
                    <field>
                        <signature>System.Runtime.CompilerServices.TaskAwaiter`1&lt;Keyfactor.Orchestrators.JobEngine.HeartbeatStatus&gt;</signature>
                        <name>&lt;&gt;u__2</name>
                        <newname>g</newname>
                    </field>
                    <field>
                        <signature>System.Runtime.CompilerServices.TaskAwaiter`1&lt;Keyfactor.Orchestrators.Models.OrchestratorSession&gt;</signature>
                        <name>&lt;&gt;u__3</name>
                        <newname>i</newname>
                    </field>
                    <field>
                        <signature>Keyfactor.Orchestrators.Models.OrchestratorSession</signature>
                        <name>&lt;agentSession&gt;5__3</name>
                        <newname>h</newname>
                    </field>
                    <field>
                        <signature>System.Guid</signature>
                        <name>&lt;sessionToken&gt;5__2</name>
                        <newname>e</newname>
                    </field>
                    <field>
                        <signature>Quartz.IJobExecutionContext</signature>
                        <name>context</name>
                        <newname>d</newname>
                    </field>
                </fieldlist>
                <propertylist />
                <eventlist />
            </type>
            <type>
                <name>Keyfactor.Orchestrators.JobEngine.SessionJobExecutor/&lt;ScheduleJobs&gt;d__14</name>
                <newname>Keyfactor.Orchestrators.JobEngine.SessionJobExecutor/b</newname>
                <methodlist>
                    <method>
                        <signature>void()</signature>
                        <name>MoveNext</name>
                        <newname>e</newname>
                    </method>
                    <method>
                        <signature>void(System.Runtime.CompilerServices.IAsyncStateMachine)</signature>
                        <name>SetStateMachine</name>
                        <newname>e</newname>
                    </method>
                </methodlist>
                <fieldlist>
                    <field>
                        <signature>int32</signature>
                        <name>&lt;&gt;1__state</name>
                        <newname>a</newname>
                    </field>
                    <field>
                        <signature>Keyfactor.Orchestrators.JobEngine.SessionJobExecutor</signature>
                        <name>&lt;&gt;4__this</name>
                        <newname>d</newname>
                    </field>
                    <field>
                        <signature>System.Runtime.CompilerServices.AsyncTaskMethodBuilder</signature>
                        <name>&lt;&gt;t__builder</name>
                        <newname>b</newname>
                    </field>
                    <field>
                        <signature>System.Runtime.CompilerServices.TaskAwaiter`1&lt;Quartz.TriggerKey[]&gt;</signature>
                        <name>&lt;&gt;u__1</name>
                        <newname>e</newname>
                    </field>
                    <field>
                        <signature>System.Runtime.CompilerServices.TaskAwaiter</signature>
                        <name>&lt;&gt;u__2</name>
                        <newname>f</newname>
                    </field>
                    <field>
                        <signature>System.Collections.Generic.IEnumerable`1&lt;Keyfactor.Orchestrators.Models.OrchestratorJob&gt;</signature>
                        <name>jobs</name>
                        <newname>c</newname>
                    </field>
                </fieldlist>
                <propertylist />
                <eventlist />
            </type>
            <type>
                <name>Microsoft.CodeAnalysis.EmbeddedAttribute</name>
                <newname>a</newname>
                <methodlist>
                    <method>
                        <signature>void()</signature>
                        <name>.ctor</name>
                    </method>
                </methodlist>
                <fieldlist />
                <propertylist />
                <eventlist />
            </type>
            <type>
                <name>System.Runtime.CompilerServices.NullableAttribute</name>
                <newname>b</newname>
                <methodlist>
                    <method>
                        <signature>void(unsigned int8)</signature>
                        <name>.ctor</name>
                    </method>
                    <method>
                        <signature>void(unsigned int8[])</signature>
                        <name>.ctor</name>
                    </method>
                </methodlist>
                <fieldlist>
                    <field>
                        <signature>unsigned int8[]</signature>
                        <name>NullableFlags</name>
                        <newname>a</newname>
                    </field>
                </fieldlist>
                <propertylist />
                <eventlist />
            </type>
            <type>
                <name>System.Runtime.CompilerServices.NullableContextAttribute</name>
                <newname>c</newname>
                <methodlist>
                    <method>
                        <signature>void(unsigned int8)</signature>
                        <name>.ctor</name>
                    </method>
                </methodlist>
                <fieldlist>
                    <field>
                        <signature>unsigned int8</signature>
                        <name>Flag</name>
                        <newname>a</newname>
                    </field>
                </fieldlist>
                <propertylist />
                <eventlist />
            </type>
        </module>
    </mapping>
    <statistics>
        <statisticline>
            <description>Total Classes</description>
            <statistic>34</statistic>
        </statisticline>
        <statisticline>
            <description>Total Methods</description>
            <statistic>126</statistic>
        </statisticline>
        <statisticline>
            <description>Total Fields</description>
            <statistic>151</statistic>
        </statisticline>
        <statisticline>
            <description>Total Properties</description>
            <statistic>23</statistic>
        </statisticline>
        <statisticline>
            <description>Total Events</description>
            <statistic>0</statistic>
        </statisticline>
        <statisticline>
            <description>Total Classes Renamed</description>
            <statistic>21</statistic>
            <statistic>61.76 %</statistic>
        </statisticline>
        <statisticline>
            <description>Total Methods Renamed</description>
            <statistic>78</statistic>
            <statistic>61.90 %</statistic>
        </statisticline>
        <statisticline>
            <description>Total Fields Renamed</description>
            <statistic>140</statistic>
            <statistic>92.72 %</statistic>
        </statisticline>
        <statisticline>
            <description>Total Properties Renamed</description>
            <statistic>0</statistic>
            <statistic>0.00 %</statistic>
        </statisticline>
        <statisticline>
            <description>Total Events Renamed</description>
            <statistic>0</statistic>
            <statistic>0.00 %</statistic>
        </statisticline>
        <statisticline>
            <description>Methods Renamed to 'a'</description>
            <statistic>25</statistic>
            <statistic>19.84 %</statistic>
        </statisticline>
        <statisticline>
            <description>Methods Renamed to 'e'</description>
            <statistic>16</statistic>
            <statistic>12.70 %</statistic>
        </statisticline>
        <statisticline>
            <description>Methods Renamed to 'd'</description>
            <statistic>11</statistic>
            <statistic>8.73 %</statistic>
        </statisticline>
        <statisticline>
            <description>Methods Renamed to 'b'</description>
            <statistic>8</statistic>
            <statistic>6.35 %</statistic>
        </statisticline>
        <statisticline>
            <description>Methods Renamed to 'f'</description>
            <statistic>7</statistic>
            <statistic>5.56 %</statistic>
        </statisticline>
        <statisticline>
            <description>Methods Renamed to 'g'</description>
            <statistic>5</statistic>
            <statistic>3.97 %</statistic>
        </statisticline>
        <statisticline>
            <description>Methods Renamed to 'c'</description>
            <statistic>4</statistic>
            <statistic>3.17 %</statistic>
        </statisticline>
    </statistics>
</dotfuscatorMap>