﻿<?xml version="1.0" encoding="utf-8"?>
<!DOCTYPE dotfuscatorMap SYSTEM "http://www.preemptive.com/dotfuscator/dtd/dotfuscatorMap_v1.2.dtd">
<dotfuscatorMap version="1.1">
    <header>
        <timestamp>2023-05-26T18:41:07</timestamp>
        <product version="6.5.1+9557e9e698" user="Jon.Proch@css-security.com">PreEmptive Protection Dotfuscator Professional</product>
    </header>
    <mapping>
        <module>
            <name>Orchestrator.dll</name>
            <type>
                <name>Keyfactor.Orchestrators.AgentJobManager</name>
                <methodlist>
                    <method>
                        <signature>void(Quartz.ISchedulerFactory, Keyfactor.Orchestrators.JobEngine.Interfaces.IJobRegistrationService)</signature>
                        <name>.ctor</name>
                    </method>
                    <method>
                        <signature>System.Threading.Tasks.Task(System.Threading.CancellationToken)</signature>
                        <name>StartAsync</name>
                    </method>
                    <method>
                        <signature>System.Threading.Tasks.Task(System.Threading.CancellationToken)</signature>
                        <name>StopAsync</name>
                    </method>
                    <method>
                        <signature>Keyfactor.Logging.IEventLogger()</signature>
                        <name>get__eventLogger</name>
                        <newname>d</newname>
                    </method>
                    <method>
                        <signature>Keyfactor.Orchestrators.JobEngine.Interfaces.IJobRegistrationService()</signature>
                        <name>get__jobRegistrationService</name>
                        <newname>a</newname>
                    </method>
                    <method>
                        <signature>Microsoft.Extensions.Logging.ILogger()</signature>
                        <name>get__orchestratorLogger</name>
                        <newname>c</newname>
                    </method>
                    <method>
                        <signature>Quartz.ISchedulerFactory()</signature>
                        <name>get__schedulerFactory</name>
                        <newname>b</newname>
                    </method>
                </methodlist>
                <fieldlist>
                    <field>
                        <signature>Keyfactor.Logging.IEventLogger</signature>
                        <name>&lt;_eventLogger&gt;k__BackingField</name>
                        <newname>a</newname>
                    </field>
                    <field>
                        <signature>Keyfactor.Orchestrators.JobEngine.Interfaces.IJobRegistrationService</signature>
                        <name>&lt;_jobRegistrationService&gt;k__BackingField</name>
                        <newname>d</newname>
                    </field>
                    <field>
                        <signature>Microsoft.Extensions.Logging.ILogger</signature>
                        <name>&lt;_orchestratorLogger&gt;k__BackingField</name>
                        <newname>b</newname>
                    </field>
                    <field>
                        <signature>Quartz.ISchedulerFactory</signature>
                        <name>&lt;_schedulerFactory&gt;k__BackingField</name>
                        <newname>c</newname>
                    </field>
                </fieldlist>
                <propertylist>
                    <property>
                        <signature>Keyfactor.Logging.IEventLogger()</signature>
                        <name>_eventLogger</name>
                    </property>
                    <property>
                        <signature>Keyfactor.Orchestrators.JobEngine.Interfaces.IJobRegistrationService()</signature>
                        <name>_jobRegistrationService</name>
                    </property>
                    <property>
                        <signature>Microsoft.Extensions.Logging.ILogger()</signature>
                        <name>_orchestratorLogger</name>
                    </property>
                    <property>
                        <signature>Quartz.ISchedulerFactory()</signature>
                        <name>_schedulerFactory</name>
                    </property>
                </propertylist>
                <eventlist />
            </type>
            <type>
                <name>Keyfactor.Orchestrators.AgentJobManager/&lt;StartAsync&gt;d__13</name>
                <newname>Keyfactor.Orchestrators.AgentJobManager/a</newname>
                <methodlist>
                    <method>
                        <signature>void()</signature>
                        <name>MoveNext</name>
                        <newname>d</newname>
                    </method>
                    <method>
                        <signature>void(System.Runtime.CompilerServices.IAsyncStateMachine)</signature>
                        <name>SetStateMachine</name>
                        <newname>d</newname>
                    </method>
                </methodlist>
                <fieldlist>
                    <field>
                        <signature>int32</signature>
                        <name>&lt;&gt;1__state</name>
                        <newname>a</newname>
                    </field>
                    <field>
                        <signature>Keyfactor.Orchestrators.AgentJobManager</signature>
                        <name>&lt;&gt;4__this</name>
                        <newname>c</newname>
                    </field>
                    <field>
                        <signature>System.Runtime.CompilerServices.AsyncTaskMethodBuilder</signature>
                        <name>&lt;&gt;t__builder</name>
                        <newname>b</newname>
                    </field>
                    <field>
                        <signature>System.Runtime.CompilerServices.TaskAwaiter</signature>
                        <name>&lt;&gt;u__1</name>
                        <newname>d</newname>
                    </field>
                </fieldlist>
                <propertylist />
                <eventlist />
            </type>
            <type>
                <name>Keyfactor.Orchestrators.AgentJobManager/&lt;StopAsync&gt;d__14</name>
                <newname>Keyfactor.Orchestrators.AgentJobManager/b</newname>
                <methodlist>
                    <method>
                        <signature>void()</signature>
                        <name>MoveNext</name>
                        <newname>d</newname>
                    </method>
                    <method>
                        <signature>void(System.Runtime.CompilerServices.IAsyncStateMachine)</signature>
                        <name>SetStateMachine</name>
                        <newname>d</newname>
                    </method>
                </methodlist>
                <fieldlist>
                    <field>
                        <signature>int32</signature>
                        <name>&lt;&gt;1__state</name>
                        <newname>a</newname>
                    </field>
                    <field>
                        <signature>Keyfactor.Orchestrators.AgentJobManager</signature>
                        <name>&lt;&gt;4__this</name>
                        <newname>c</newname>
                    </field>
                    <field>
                        <signature>System.Collections.Generic.IEnumerator`1&lt;Quartz.IJobExecutionContext&gt;</signature>
                        <name>&lt;&gt;7__wrap2</name>
                        <newname>g</newname>
                    </field>
                    <field>
                        <signature>System.Runtime.CompilerServices.AsyncTaskMethodBuilder</signature>
                        <name>&lt;&gt;t__builder</name>
                        <newname>b</newname>
                    </field>
                    <field>
                        <signature>System.Runtime.CompilerServices.TaskAwaiter`1&lt;Quartz.IScheduler&gt;</signature>
                        <name>&lt;&gt;u__1</name>
                        <newname>e</newname>
                    </field>
                    <field>
                        <signature>System.Runtime.CompilerServices.TaskAwaiter`1&lt;System.Collections.Generic.IReadOnlyCollection`1&lt;Quartz.IJobExecutionContext&gt;&gt;</signature>
                        <name>&lt;&gt;u__2</name>
                        <newname>f</newname>
                    </field>
                    <field>
                        <signature>System.Runtime.CompilerServices.TaskAwaiter`1&lt;bool&gt;</signature>
                        <name>&lt;&gt;u__3</name>
                        <newname>i</newname>
                    </field>
                    <field>
                        <signature>System.Runtime.CompilerServices.TaskAwaiter</signature>
                        <name>&lt;&gt;u__4</name>
                        <newname>j</newname>
                    </field>
                    <field>
                        <signature>string</signature>
                        <name>&lt;jobId&gt;5__4</name>
                        <newname>h</newname>
                    </field>
                    <field>
                        <signature>Quartz.IScheduler</signature>
                        <name>&lt;jobScheduler&gt;5__2</name>
                        <newname>d</newname>
                    </field>
                </fieldlist>
                <propertylist />
                <eventlist />
            </type>
            <type>
                <name>Keyfactor.Orchestrators.IHostBuilderExtensions</name>
                <methodlist>
                    <method>
                        <signature>Microsoft.Extensions.Hosting.IHostBuilder(Microsoft.Extensions.Hosting.IHostBuilder)</signature>
                        <name>InitializeDI</name>
                    </method>
                    <method>
                        <signature>Microsoft.Extensions.Hosting.IHostBuilder(Microsoft.Extensions.Hosting.IHostBuilder)</signature>
                        <name>InitializeLogging</name>
                    </method>
                    <method>
                        <signature>Microsoft.Extensions.Hosting.IHostBuilder(Microsoft.Extensions.Hosting.IHostBuilder)</signature>
                        <name>InitializeOptions</name>
                    </method>
                </methodlist>
                <fieldlist />
                <propertylist />
                <eventlist />
            </type>
            <type>
                <name>Keyfactor.Orchestrators.IHostBuilderExtensions/&lt;&gt;c</name>
                <methodlist>
                    <method>
                        <signature>void()</signature>
                        <name>.cctor</name>
                    </method>
                    <method>
                        <signature>void()</signature>
                        <name>.ctor</name>
                    </method>
                    <method>
                        <signature>void(Microsoft.Extensions.Hosting.HostBuilderContext, Microsoft.Extensions.DependencyInjection.IServiceCollection)</signature>
                        <name>&lt;InitializeDI&gt;b__0_0</name>
                        <newname>a</newname>
                    </method>
                    <method>
                        <signature>void(Keyfactor.ServiceCollection.Extensions.IExtensionBuilder)</signature>
                        <name>&lt;InitializeDI&gt;b__0_1</name>
                        <newname>c</newname>
                    </method>
                    <method>
                        <signature>void(Keyfactor.ServiceCollection.Extensions.IExtensionBuilder)</signature>
                        <name>&lt;InitializeDI&gt;b__0_2</name>
                        <newname>b</newname>
                    </method>
                    <method>
                        <signature>void(Keyfactor.ServiceCollection.Extensions.IExtensionBuilder)</signature>
                        <name>&lt;InitializeDI&gt;b__0_3</name>
                        <newname>a</newname>
                    </method>
                    <method>
                        <signature>void(Microsoft.Extensions.Logging.ILoggingBuilder)</signature>
                        <name>&lt;InitializeLogging&gt;b__1_0</name>
                        <newname>a</newname>
                    </method>
                    <method>
                        <signature>void(Microsoft.Extensions.Hosting.HostBuilderContext, Microsoft.Extensions.Configuration.IConfigurationBuilder)</signature>
                        <name>&lt;InitializeOptions&gt;b__2_0</name>
                        <newname>a</newname>
                    </method>
                </methodlist>
                <fieldlist>
                    <field>
                        <signature>Keyfactor.Orchestrators.IHostBuilderExtensions/&lt;&gt;c</signature>
                        <name>&lt;&gt;9</name>
                    </field>
                    <field>
                        <signature>System.Action`2&lt;Microsoft.Extensions.Hosting.HostBuilderContext,Microsoft.Extensions.DependencyInjection.IServiceCollection&gt;</signature>
                        <name>&lt;&gt;9__0_0</name>
                    </field>
                    <field>
                        <signature>System.Action`1&lt;Keyfactor.ServiceCollection.Extensions.IExtensionBuilder&gt;</signature>
                        <name>&lt;&gt;9__0_1</name>
                    </field>
                    <field>
                        <signature>System.Action`1&lt;Keyfactor.ServiceCollection.Extensions.IExtensionBuilder&gt;</signature>
                        <name>&lt;&gt;9__0_2</name>
                    </field>
                    <field>
                        <signature>System.Action`1&lt;Keyfactor.ServiceCollection.Extensions.IExtensionBuilder&gt;</signature>
                        <name>&lt;&gt;9__0_3</name>
                    </field>
                    <field>
                        <signature>System.Action`1&lt;Microsoft.Extensions.Logging.ILoggingBuilder&gt;</signature>
                        <name>&lt;&gt;9__1_0</name>
                    </field>
                    <field>
                        <signature>System.Action`2&lt;Microsoft.Extensions.Hosting.HostBuilderContext,Microsoft.Extensions.Configuration.IConfigurationBuilder&gt;</signature>
                        <name>&lt;&gt;9__2_0</name>
                    </field>
                </fieldlist>
                <propertylist />
                <eventlist />
            </type>
            <type>
                <name>Keyfactor.Orchestrators.Program</name>
                <methodlist>
                    <method>
                        <signature>void()</signature>
                        <name>.ctor</name>
                    </method>
                    <method>
                        <signature>void(System.Exception)</signature>
                        <name>ConsoleLogError</name>
                        <newname>a</newname>
                    </method>
                    <method>
                        <signature>void(string[])</signature>
                        <name>Main</name>
                    </method>
                    <method>
                        <signature>void()</signature>
                        <name>PrintDisposalWarning</name>
                        <newname>a</newname>
                    </method>
                </methodlist>
                <fieldlist />
                <propertylist />
                <eventlist />
            </type>
            <type>
                <name>Keyfactor.Orchestrators.Program/ServiceResolver</name>
                <methodlist>
                    <method>
                        <signature>void(object, native int)</signature>
                        <name>.ctor</name>
                    </method>
                    <method>
                        <signature>System.IAsyncResult(System.Type, System.AsyncCallback, object)</signature>
                        <name>BeginInvoke</name>
                    </method>
                    <method>
                        <signature>Microsoft.Extensions.DependencyInjection.IServiceCollection(System.IAsyncResult)</signature>
                        <name>EndInvoke</name>
                    </method>
                    <method>
                        <signature>Microsoft.Extensions.DependencyInjection.IServiceCollection(System.Type)</signature>
                        <name>Invoke</name>
                    </method>
                </methodlist>
                <fieldlist />
                <propertylist />
                <eventlist />
            </type>
            <type>
                <name>Keyfactor.Orchestrators.QuartzJobFactory.MSDISchedulerFactory</name>
                <methodlist>
                    <method>
                        <signature>void(Quartz.Spi.IJobFactory)</signature>
                        <name>.ctor</name>
                    </method>
                    <method>
                        <signature>Quartz.IScheduler(Quartz.Core.QuartzSchedulerResources, Quartz.Core.QuartzScheduler)</signature>
                        <name>Instantiate</name>
                    </method>
                </methodlist>
                <fieldlist>
                    <field>
                        <signature>Quartz.Spi.IJobFactory</signature>
                        <name>_jobFactory</name>
                        <newname>a</newname>
                    </field>
                </fieldlist>
                <propertylist />
                <eventlist />
            </type>
            <type>
                <name>Keyfactor.Orchestrators.QuartzJobFactory.OrchestratorQuartzJobExecutorFactory</name>
                <methodlist>
                    <method>
                        <signature>void(Microsoft.Extensions.DependencyInjection.IServiceScopeFactory, Microsoft.Extensions.Logging.ILogger`1&lt;Keyfactor.Orchestrators.QuartzJobFactory.OrchestratorQuartzJobExecutorFactory&gt;)</signature>
                        <name>.ctor</name>
                    </method>
                    <method>
                        <signature>Quartz.IJob(Quartz.Spi.TriggerFiredBundle, Quartz.IScheduler)</signature>
                        <name>NewJob</name>
                    </method>
                    <method>
                        <signature>void(Quartz.IJob)</signature>
                        <name>ReturnJob</name>
                    </method>
                    <method>
                        <signature>Microsoft.Extensions.Logging.ILogger()</signature>
                        <name>get__logger</name>
                        <newname>a</newname>
                    </method>
                    <method>
                        <signature>Microsoft.Extensions.DependencyInjection.IServiceScopeFactory()</signature>
                        <name>get__scopedServiceProvider</name>
                        <newname>b</newname>
                    </method>
                    <method>
                        <signature>System.Collections.Concurrent.ConcurrentDictionary`2&lt;Quartz.IJob,Microsoft.Extensions.DependencyInjection.IServiceScope&gt;()</signature>
                        <name>get__scopes</name>
                    </method>
                </methodlist>
                <fieldlist>
                    <field>
                        <signature>Microsoft.Extensions.Logging.ILogger</signature>
                        <name>&lt;_logger&gt;k__BackingField</name>
                        <newname>c</newname>
                    </field>
                    <field>
                        <signature>Microsoft.Extensions.DependencyInjection.IServiceScopeFactory</signature>
                        <name>&lt;_scopedServiceProvider&gt;k__BackingField</name>
                        <newname>a</newname>
                    </field>
                    <field>
                        <signature>System.Collections.Concurrent.ConcurrentDictionary`2&lt;Quartz.IJob,Microsoft.Extensions.DependencyInjection.IServiceScope&gt;</signature>
                        <name>&lt;_scopes&gt;k__BackingField</name>
                        <newname>b</newname>
                    </field>
                </fieldlist>
                <propertylist>
                    <property>
                        <signature>Microsoft.Extensions.Logging.ILogger()</signature>
                        <name>_logger</name>
                    </property>
                    <property>
                        <signature>Microsoft.Extensions.DependencyInjection.IServiceScopeFactory()</signature>
                        <name>_scopedServiceProvider</name>
                    </property>
                    <property>
                        <signature>System.Collections.Concurrent.ConcurrentDictionary`2&lt;Quartz.IJob,Microsoft.Extensions.DependencyInjection.IServiceScope&gt;()</signature>
                        <name>_scopes</name>
                    </property>
                </propertylist>
                <eventlist />
            </type>
            <type>
                <name>Keyfactor.Orchestrators.QuartzJobFactory.OrchestratorQuartzJobExecutorFactory/&lt;&gt;c__DisplayClass10_0</name>
                <newname>Keyfactor.Orchestrators.QuartzJobFactory.OrchestratorQuartzJobExecutorFactory/a</newname>
                <methodlist>
                    <method>
                        <signature>void()</signature>
                        <name>.ctor</name>
                    </method>
                    <method>
                        <signature>bool(Quartz.IJob)</signature>
                        <name>&lt;NewJob&gt;b__0</name>
                        <newname>b</newname>
                    </method>
                </methodlist>
                <fieldlist>
                    <field>
                        <signature>System.Type</signature>
                        <name>jobType</name>
                        <newname>a</newname>
                    </field>
                </fieldlist>
                <propertylist />
                <eventlist />
            </type>
        </module>
    </mapping>
    <statistics>
        <statisticline>
            <description>Total Classes</description>
            <statistic>10</statistic>
        </statisticline>
        <statisticline>
            <description>Total Methods</description>
            <statistic>40</statistic>
        </statisticline>
        <statisticline>
            <description>Total Fields</description>
            <statistic>30</statistic>
        </statisticline>
        <statisticline>
            <description>Total Properties</description>
            <statistic>7</statistic>
        </statisticline>
        <statisticline>
            <description>Total Events</description>
            <statistic>0</statistic>
        </statisticline>
        <statisticline>
            <description>Total Classes Renamed</description>
            <statistic>3</statistic>
            <statistic>30.00 %</statistic>
        </statisticline>
        <statisticline>
            <description>Total Methods Renamed</description>
            <statistic>19</statistic>
            <statistic>47.50 %</statistic>
        </statisticline>
        <statisticline>
            <description>Total Fields Renamed</description>
            <statistic>23</statistic>
            <statistic>76.67 %</statistic>
        </statisticline>
        <statisticline>
            <description>Total Properties Renamed</description>
            <statistic>0</statistic>
            <statistic>0.00 %</statistic>
        </statisticline>
        <statisticline>
            <description>Total Events Renamed</description>
            <statistic>0</statistic>
            <statistic>0.00 %</statistic>
        </statisticline>
        <statisticline>
            <description>Methods Renamed to 'a'</description>
            <statistic>8</statistic>
            <statistic>20.00 %</statistic>
        </statisticline>
        <statisticline>
            <description>Methods Renamed to 'd'</description>
            <statistic>5</statistic>
            <statistic>12.50 %</statistic>
        </statisticline>
        <statisticline>
            <description>Methods Renamed to 'b'</description>
            <statistic>4</statistic>
            <statistic>10.00 %</statistic>
        </statisticline>
        <statisticline>
            <description>Methods Renamed to 'c'</description>
            <statistic>2</statistic>
            <statistic>5.00 %</statistic>
        </statisticline>
    </statistics>
</dotfuscatorMap>