﻿<?xml version="1.0" encoding="utf-8"?>
<!DOCTYPE dotfuscatorMap SYSTEM "http://www.preemptive.com/dotfuscator/dtd/dotfuscatorMap_v1.2.dtd">
<dotfuscatorMap version="1.1">
    <header>
        <timestamp>2023-05-26T18:38:26</timestamp>
        <product version="6.5.1+9557e9e698" user="Jon.Proch@css-security.com">PreEmptive Protection Dotfuscator Professional</product>
    </header>
    <mapping>
        <module>
            <name>Keyfactor.Orchestrators.Services.dll</name>
            <type>
                <name>Keyfactor.Orchestrators.Services.Interfaces.IQuartzSchedulerService</name>
                <methodlist>
                    <method>
                        <signature>System.Threading.Tasks.Task`1&lt;bool&gt;(Quartz.JobKey, System.Threading.CancellationToken)</signature>
                        <name>Interrupt</name>
                    </method>
                    <method>
                        <signature>System.Threading.Tasks.Task(string, System.Nullable`1&lt;System.Guid&gt;, System.Threading.CancellationToken, Keyfactor.Orchestrators.Models.OrchestratorJob)</signature>
                        <name>RescheduleNow</name>
                    </method>
                    <method>
                        <signature>System.Threading.Tasks.Task()</signature>
                        <name>ScheduleSessionExecute</name>
                    </method>
                    <method>
                        <signature>System.Threading.Tasks.Task(System.Guid, System.Nullable`1&lt;System.Guid&gt;)</signature>
                        <name>TriggerScheduledJob</name>
                    </method>
                </methodlist>
                <fieldlist />
                <propertylist />
                <eventlist />
            </type>
            <type>
                <name>Keyfactor.Orchestrators.Services.PAM.PAMProviderOptions</name>
                <methodlist>
                    <method>
                        <signature>void()</signature>
                        <name>.ctor</name>
                    </method>
                    <method>
                        <signature>System.Collections.Generic.Dictionary`2&lt;string,string&gt;()</signature>
                        <name>get_InitializationInfo</name>
                    </method>
                </methodlist>
                <fieldlist>
                    <field>
                        <signature>System.Collections.Generic.Dictionary`2&lt;string,string&gt;</signature>
                        <name>&lt;InitializationInfo&gt;k__BackingField</name>
                        <newname>a</newname>
                    </field>
                    <field>
                        <signature>string</signature>
                        <name>SECTION_NAME</name>
                    </field>
                </fieldlist>
                <propertylist>
                    <property>
                        <signature>System.Collections.Generic.Dictionary`2&lt;string,string&gt;()</signature>
                        <name>InitializationInfo</name>
                    </property>
                </propertylist>
                <eventlist />
            </type>
            <type>
                <name>Keyfactor.Orchestrators.Services.PAM.PAMRegistrationExtensions</name>
                <methodlist>
                    <method>
                        <signature>Microsoft.Extensions.DependencyInjection.IServiceCollection(Microsoft.Extensions.DependencyInjection.IServiceCollection, Microsoft.Extensions.Configuration.IConfiguration)</signature>
                        <name>AddPAM</name>
                    </method>
                </methodlist>
                <fieldlist />
                <propertylist />
                <eventlist />
            </type>
            <type>
                <name>Keyfactor.Orchestrators.Services.PAM.PAMRegistrationExtensions/&lt;&gt;c</name>
                <methodlist>
                    <method>
                        <signature>void()</signature>
                        <name>.cctor</name>
                    </method>
                    <method>
                        <signature>void()</signature>
                        <name>.ctor</name>
                    </method>
                    <method>
                        <signature>void(Keyfactor.ServiceCollection.Extensions.IExtensionBuilder)</signature>
                        <name>&lt;AddPAM&gt;b__0_0</name>
                        <newname>a</newname>
                    </method>
                </methodlist>
                <fieldlist>
                    <field>
                        <signature>Keyfactor.Orchestrators.Services.PAM.PAMRegistrationExtensions/&lt;&gt;c</signature>
                        <name>&lt;&gt;9</name>
                    </field>
                    <field>
                        <signature>System.Action`1&lt;Keyfactor.ServiceCollection.Extensions.IExtensionBuilder&gt;</signature>
                        <name>&lt;&gt;9__0_0</name>
                    </field>
                </fieldlist>
                <propertylist />
                <eventlist />
            </type>
            <type>
                <name>Keyfactor.Orchestrators.Services.PAM.PAMSecretResolver</name>
                <methodlist>
                    <method>
                        <signature>void(Keyfactor.Platform.Extensions.IPAMProvider, Microsoft.Extensions.Options.IOptionsMonitor`1&lt;Keyfactor.Orchestrators.Services.PAM.PAMProviderOptions&gt;)</signature>
                        <name>.ctor</name>
                    </method>
                    <method>
                        <signature>string(string)</signature>
                        <name>Resolve</name>
                    </method>
                    <method>
                        <signature>Keyfactor.Orchestrators.Services.PAM.PAMProviderOptions()</signature>
                        <name>get_Options</name>
                        <newname>a</newname>
                    </method>
                    <method>
                        <signature>Keyfactor.Platform.Extensions.IPAMProvider()</signature>
                        <name>get_Provider</name>
                        <newname>b</newname>
                    </method>
                </methodlist>
                <fieldlist>
                    <field>
                        <signature>Keyfactor.Orchestrators.Services.PAM.PAMProviderOptions</signature>
                        <name>&lt;Options&gt;k__BackingField</name>
                        <newname>b</newname>
                    </field>
                    <field>
                        <signature>Keyfactor.Platform.Extensions.IPAMProvider</signature>
                        <name>&lt;Provider&gt;k__BackingField</name>
                        <newname>a</newname>
                    </field>
                </fieldlist>
                <propertylist>
                    <property>
                        <signature>Keyfactor.Orchestrators.Services.PAM.PAMProviderOptions()</signature>
                        <name>Options</name>
                    </property>
                    <property>
                        <signature>Keyfactor.Platform.Extensions.IPAMProvider()</signature>
                        <name>Provider</name>
                    </property>
                </propertylist>
                <eventlist />
            </type>
            <type>
                <name>Keyfactor.Orchestrators.Services.PAM.PAMSecretResolver/NoOpPAMProvider</name>
                <methodlist>
                    <method>
                        <signature>void()</signature>
                        <name>.ctor</name>
                    </method>
                    <method>
                        <signature>string(System.Collections.Generic.Dictionary`2&lt;string,string&gt;, System.Collections.Generic.Dictionary`2&lt;string,string&gt;)</signature>
                        <name>GetPassword</name>
                    </method>
                    <method>
                        <signature>string()</signature>
                        <name>get_Name</name>
                    </method>
                </methodlist>
                <fieldlist />
                <propertylist>
                    <property>
                        <signature>string()</signature>
                        <name>Name</name>
                    </property>
                </propertylist>
                <eventlist />
            </type>
            <type>
                <name>Keyfactor.Orchestrators.Services.QuartzSchedulerService</name>
                <methodlist>
                    <method>
                        <signature>void(Quartz.ISchedulerFactory, Microsoft.Extensions.Logging.ILogger`1&lt;Keyfactor.Orchestrators.Services.QuartzSchedulerService&gt;)</signature>
                        <name>.ctor</name>
                    </method>
                    <method>
                        <signature>System.Threading.Tasks.Task`1&lt;bool&gt;(Quartz.JobKey, System.Threading.CancellationToken)</signature>
                        <name>Interrupt</name>
                    </method>
                    <method>
                        <signature>System.Threading.Tasks.Task(string, System.Nullable`1&lt;System.Guid&gt;, System.Threading.CancellationToken, Keyfactor.Orchestrators.Models.OrchestratorJob)</signature>
                        <name>RescheduleNow</name>
                    </method>
                    <method>
                        <signature>System.Threading.Tasks.Task()</signature>
                        <name>ScheduleSessionExecute</name>
                    </method>
                    <method>
                        <signature>System.Threading.Tasks.Task(System.Guid, System.Nullable`1&lt;System.Guid&gt;)</signature>
                        <name>TriggerScheduledJob</name>
                    </method>
                    <method>
                        <signature>Microsoft.Extensions.Logging.ILogger()</signature>
                        <name>get__logger</name>
                        <newname>b</newname>
                    </method>
                    <method>
                        <signature>Quartz.IScheduler()</signature>
                        <name>get__scheduler</name>
                        <newname>a</newname>
                    </method>
                </methodlist>
                <fieldlist>
                    <field>
                        <signature>Microsoft.Extensions.Logging.ILogger</signature>
                        <name>&lt;_logger&gt;k__BackingField</name>
                        <newname>a</newname>
                    </field>
                    <field>
                        <signature>Quartz.IScheduler</signature>
                        <name>&lt;_scheduler&gt;k__BackingField</name>
                        <newname>b</newname>
                    </field>
                </fieldlist>
                <propertylist>
                    <property>
                        <signature>Microsoft.Extensions.Logging.ILogger()</signature>
                        <name>_logger</name>
                    </property>
                    <property>
                        <signature>Quartz.IScheduler()</signature>
                        <name>_scheduler</name>
                    </property>
                </propertylist>
                <eventlist />
            </type>
            <type>
                <name>Keyfactor.Orchestrators.Services.QuartzSchedulerService/&lt;Interrupt&gt;d__10</name>
                <newname>Keyfactor.Orchestrators.Services.QuartzSchedulerService/a</newname>
                <methodlist>
                    <method>
                        <signature>void()</signature>
                        <name>MoveNext</name>
                        <newname>f</newname>
                    </method>
                    <method>
                        <signature>void(System.Runtime.CompilerServices.IAsyncStateMachine)</signature>
                        <name>SetStateMachine</name>
                        <newname>f</newname>
                    </method>
                </methodlist>
                <fieldlist>
                    <field>
                        <signature>int32</signature>
                        <name>&lt;&gt;1__state</name>
                        <newname>a</newname>
                    </field>
                    <field>
                        <signature>Keyfactor.Orchestrators.Services.QuartzSchedulerService</signature>
                        <name>&lt;&gt;4__this</name>
                        <newname>c</newname>
                    </field>
                    <field>
                        <signature>System.Runtime.CompilerServices.AsyncTaskMethodBuilder`1&lt;bool&gt;</signature>
                        <name>&lt;&gt;t__builder</name>
                        <newname>b</newname>
                    </field>
                    <field>
                        <signature>System.Runtime.CompilerServices.TaskAwaiter`1&lt;bool&gt;</signature>
                        <name>&lt;&gt;u__1</name>
                        <newname>f</newname>
                    </field>
                    <field>
                        <signature>Quartz.JobKey</signature>
                        <name>jobKey</name>
                        <newname>d</newname>
                    </field>
                    <field>
                        <signature>System.Threading.CancellationToken</signature>
                        <name>token</name>
                        <newname>e</newname>
                    </field>
                </fieldlist>
                <propertylist />
                <eventlist />
            </type>
            <type>
                <name>Keyfactor.Orchestrators.Services.QuartzSchedulerService/&lt;RescheduleNow&gt;d__8</name>
                <newname>Keyfactor.Orchestrators.Services.QuartzSchedulerService/b</newname>
                <methodlist>
                    <method>
                        <signature>void()</signature>
                        <name>MoveNext</name>
                        <newname>h</newname>
                    </method>
                    <method>
                        <signature>void(System.Runtime.CompilerServices.IAsyncStateMachine)</signature>
                        <name>SetStateMachine</name>
                        <newname>h</newname>
                    </method>
                </methodlist>
                <fieldlist>
                    <field>
                        <signature>int32</signature>
                        <name>&lt;&gt;1__state</name>
                        <newname>a</newname>
                    </field>
                    <field>
                        <signature>Keyfactor.Orchestrators.Services.QuartzSchedulerService</signature>
                        <name>&lt;&gt;4__this</name>
                        <newname>f</newname>
                    </field>
                    <field>
                        <signature>System.Runtime.CompilerServices.AsyncTaskMethodBuilder</signature>
                        <name>&lt;&gt;t__builder</name>
                        <newname>b</newname>
                    </field>
                    <field>
                        <signature>System.Runtime.CompilerServices.TaskAwaiter`1&lt;System.Nullable`1&lt;System.DateTimeOffset&gt;&gt;</signature>
                        <name>&lt;&gt;u__1</name>
                        <newname>h</newname>
                    </field>
                    <field>
                        <signature>System.Threading.CancellationToken</signature>
                        <name>cancellationToken</name>
                        <newname>g</newname>
                    </field>
                    <field>
                        <signature>string</signature>
                        <name>capability</name>
                        <newname>c</newname>
                    </field>
                    <field>
                        <signature>System.Nullable`1&lt;System.Guid&gt;</signature>
                        <name>concurrencyIdentifier</name>
                        <newname>d</newname>
                    </field>
                    <field>
                        <signature>Keyfactor.Orchestrators.Models.OrchestratorJob</signature>
                        <name>job</name>
                        <newname>e</newname>
                    </field>
                </fieldlist>
                <propertylist />
                <eventlist />
            </type>
            <type>
                <name>Keyfactor.Orchestrators.Services.QuartzSchedulerService/&lt;ScheduleSessionExecute&gt;d__9</name>
                <newname>Keyfactor.Orchestrators.Services.QuartzSchedulerService/c</newname>
                <methodlist>
                    <method>
                        <signature>void()</signature>
                        <name>MoveNext</name>
                        <newname>d</newname>
                    </method>
                    <method>
                        <signature>void(System.Runtime.CompilerServices.IAsyncStateMachine)</signature>
                        <name>SetStateMachine</name>
                        <newname>d</newname>
                    </method>
                </methodlist>
                <fieldlist>
                    <field>
                        <signature>int32</signature>
                        <name>&lt;&gt;1__state</name>
                        <newname>a</newname>
                    </field>
                    <field>
                        <signature>Keyfactor.Orchestrators.Services.QuartzSchedulerService</signature>
                        <name>&lt;&gt;4__this</name>
                        <newname>c</newname>
                    </field>
                    <field>
                        <signature>System.Runtime.CompilerServices.AsyncTaskMethodBuilder</signature>
                        <name>&lt;&gt;t__builder</name>
                        <newname>b</newname>
                    </field>
                    <field>
                        <signature>System.Runtime.CompilerServices.TaskAwaiter`1&lt;System.DateTimeOffset&gt;</signature>
                        <name>&lt;&gt;u__1</name>
                        <newname>d</newname>
                    </field>
                </fieldlist>
                <propertylist />
                <eventlist />
            </type>
            <type>
                <name>Keyfactor.Orchestrators.Services.QuartzSchedulerService/&lt;TriggerScheduledJob&gt;d__7</name>
                <newname>Keyfactor.Orchestrators.Services.QuartzSchedulerService/d</newname>
                <methodlist>
                    <method>
                        <signature>void()</signature>
                        <name>MoveNext</name>
                        <newname>f</newname>
                    </method>
                    <method>
                        <signature>void(System.Runtime.CompilerServices.IAsyncStateMachine)</signature>
                        <name>SetStateMachine</name>
                        <newname>f</newname>
                    </method>
                </methodlist>
                <fieldlist>
                    <field>
                        <signature>int32</signature>
                        <name>&lt;&gt;1__state</name>
                        <newname>a</newname>
                    </field>
                    <field>
                        <signature>Keyfactor.Orchestrators.Services.QuartzSchedulerService</signature>
                        <name>&lt;&gt;4__this</name>
                        <newname>c</newname>
                    </field>
                    <field>
                        <signature>System.Runtime.CompilerServices.AsyncTaskMethodBuilder</signature>
                        <name>&lt;&gt;t__builder</name>
                        <newname>b</newname>
                    </field>
                    <field>
                        <signature>System.Runtime.CompilerServices.TaskAwaiter`1&lt;Quartz.ITrigger&gt;</signature>
                        <name>&lt;&gt;u__1</name>
                        <newname>f</newname>
                    </field>
                    <field>
                        <signature>System.Runtime.CompilerServices.TaskAwaiter</signature>
                        <name>&lt;&gt;u__2</name>
                        <newname>g</newname>
                    </field>
                    <field>
                        <signature>System.Nullable`1&lt;System.Guid&gt;</signature>
                        <name>concurrencyIdentifier</name>
                        <newname>e</newname>
                    </field>
                    <field>
                        <signature>System.Guid</signature>
                        <name>jobId</name>
                        <newname>d</newname>
                    </field>
                </fieldlist>
                <propertylist />
                <eventlist />
            </type>
        </module>
    </mapping>
    <statistics>
        <statisticline>
            <description>Total Classes</description>
            <statistic>11</statistic>
        </statisticline>
        <statisticline>
            <description>Total Methods</description>
            <statistic>32</statistic>
        </statisticline>
        <statisticline>
            <description>Total Fields</description>
            <statistic>33</statistic>
        </statisticline>
        <statisticline>
            <description>Total Properties</description>
            <statistic>6</statistic>
        </statisticline>
        <statisticline>
            <description>Total Events</description>
            <statistic>0</statistic>
        </statisticline>
        <statisticline>
            <description>Total Classes Renamed</description>
            <statistic>4</statistic>
            <statistic>36.36 %</statistic>
        </statisticline>
        <statisticline>
            <description>Total Methods Renamed</description>
            <statistic>13</statistic>
            <statistic>40.63 %</statistic>
        </statisticline>
        <statisticline>
            <description>Total Fields Renamed</description>
            <statistic>30</statistic>
            <statistic>90.91 %</statistic>
        </statisticline>
        <statisticline>
            <description>Total Properties Renamed</description>
            <statistic>0</statistic>
            <statistic>0.00 %</statistic>
        </statisticline>
        <statisticline>
            <description>Total Events Renamed</description>
            <statistic>0</statistic>
            <statistic>0.00 %</statistic>
        </statisticline>
        <statisticline>
            <description>Methods Renamed to 'f'</description>
            <statistic>4</statistic>
            <statistic>12.50 %</statistic>
        </statisticline>
        <statisticline>
            <description>Methods Renamed to 'a'</description>
            <statistic>3</statistic>
            <statistic>9.38 %</statistic>
        </statisticline>
        <statisticline>
            <description>Methods Renamed to 'b'</description>
            <statistic>2</statistic>
            <statistic>6.25 %</statistic>
        </statisticline>
        <statisticline>
            <description>Methods Renamed to 'd'</description>
            <statistic>2</statistic>
            <statistic>6.25 %</statistic>
        </statisticline>
        <statisticline>
            <description>Methods Renamed to 'h'</description>
            <statistic>2</statistic>
            <statistic>6.25 %</statistic>
        </statisticline>
    </statistics>
</dotfuscatorMap>