﻿<?xml version="1.0" encoding="utf-8"?>
<!DOCTYPE dotfuscatorMap SYSTEM "http://www.preemptive.com/dotfuscator/dtd/dotfuscatorMap_v1.2.dtd">
<dotfuscatorMap version="1.1">
    <header>
        <timestamp>2023-05-26T18:40:37</timestamp>
        <product version="6.5.1+9557e9e698" user="Jon.Proch@css-security.com">PreEmptive Protection Dotfuscator Professional</product>
    </header>
    <mapping>
        <module>
            <name>Keyfactor.Orchestrators.PowershellDriver.dll</name>
            <type>
                <name>Keyfactor.Orchestrators.ScriptDrivers.PowershellDriver</name>
                <methodlist>
                    <method>
                        <signature>void()</signature>
                        <name>.ctor</name>
                    </method>
                    <method>
                        <signature>string(System.Management.Automation.PowerShell)</signature>
                        <name>HandlePsErrors</name>
                        <newname>a</newname>
                    </method>
                    <method>
                        <signature>void(object, System.Management.Automation.DataAddedEventArgs)</signature>
                        <name>LogWarngingEventHandler</name>
                        <newname>a</newname>
                    </method>
                    <method>
                        <arity>1</arity>
                        <signature>Keyfactor.Orchestrators.ScriptDrivers.ScriptResult(string, !!0)</signature>
                        <name>Run</name>
                    </method>
                    <method>
                        <signature>Keyfactor.Orchestrators.ScriptDrivers.ScriptResult(string, System.Collections.Generic.Dictionary`2&lt;string,object&gt;, string[])</signature>
                        <name>Run</name>
                    </method>
                    <method>
                        <signature>System.Collections.Generic.IEnumerable`1&lt;object&gt;(string, string, System.Collections.Generic.Dictionary`2&lt;string,object&gt;, Keyfactor.Orchestrators.Models.ClientMachine)</signature>
                        <name>RunRemote</name>
                    </method>
                    <method>
                        <signature>Microsoft.Extensions.Logging.ILogger()</signature>
                        <name>get__logger</name>
                        <newname>a</newname>
                    </method>
                    <method>
                        <signature>void(Microsoft.Extensions.Logging.ILogger)</signature>
                        <name>set__logger</name>
                        <newname>a</newname>
                    </method>
                </methodlist>
                <fieldlist>
                    <field>
                        <signature>Microsoft.Extensions.Logging.ILogger</signature>
                        <name>&lt;_logger&gt;k__BackingField</name>
                        <newname>b</newname>
                    </field>
                    <field>
                        <signature>string</signature>
                        <name>_PS_VARIABLE_NAME</name>
                        <newname>a</newname>
                    </field>
                </fieldlist>
                <propertylist>
                    <property>
                        <signature>Microsoft.Extensions.Logging.ILogger()</signature>
                        <name>_logger</name>
                    </property>
                </propertylist>
                <eventlist />
            </type>
            <type>
                <name>Keyfactor.Orchestrators.ScriptDrivers.PowershellDriver/&lt;&gt;c</name>
                <methodlist>
                    <method>
                        <signature>void()</signature>
                        <name>.cctor</name>
                    </method>
                    <method>
                        <signature>void()</signature>
                        <name>.ctor</name>
                    </method>
                    <method>
                        <signature>object(System.Management.Automation.PSObject)</signature>
                        <name>&lt;RunRemote&gt;b__8_0</name>
                        <newname>a</newname>
                    </method>
                </methodlist>
                <fieldlist>
                    <field>
                        <signature>Keyfactor.Orchestrators.ScriptDrivers.PowershellDriver/&lt;&gt;c</signature>
                        <name>&lt;&gt;9</name>
                    </field>
                    <field>
                        <signature>System.Func`2&lt;System.Management.Automation.PSObject,object&gt;</signature>
                        <name>&lt;&gt;9__8_0</name>
                    </field>
                </fieldlist>
                <propertylist />
                <eventlist />
            </type>
        </module>
    </mapping>
    <statistics>
        <statisticline>
            <description>Total Classes</description>
            <statistic>2</statistic>
        </statisticline>
        <statisticline>
            <description>Total Methods</description>
            <statistic>11</statistic>
        </statisticline>
        <statisticline>
            <description>Total Fields</description>
            <statistic>4</statistic>
        </statisticline>
        <statisticline>
            <description>Total Properties</description>
            <statistic>1</statistic>
        </statisticline>
        <statisticline>
            <description>Total Events</description>
            <statistic>0</statistic>
        </statisticline>
        <statisticline>
            <description>Total Classes Renamed</description>
            <statistic>0</statistic>
            <statistic>0.00 %</statistic>
        </statisticline>
        <statisticline>
            <description>Total Methods Renamed</description>
            <statistic>5</statistic>
            <statistic>45.45 %</statistic>
        </statisticline>
        <statisticline>
            <description>Total Fields Renamed</description>
            <statistic>2</statistic>
            <statistic>50.00 %</statistic>
        </statisticline>
        <statisticline>
            <description>Total Properties Renamed</description>
            <statistic>0</statistic>
            <statistic>0.00 %</statistic>
        </statisticline>
        <statisticline>
            <description>Total Events Renamed</description>
            <statistic>0</statistic>
            <statistic>0.00 %</statistic>
        </statisticline>
        <statisticline>
            <description>Methods Renamed to 'a'</description>
            <statistic>5</statistic>
            <statistic>45.45 %</statistic>
        </statisticline>
    </statistics>
</dotfuscatorMap>