﻿<?xml version="1.0" encoding="utf-8"?>
<!DOCTYPE dotfuscatorMap SYSTEM "http://www.preemptive.com/dotfuscator/dtd/dotfuscatorMap_v1.2.dtd">
<dotfuscatorMap version="1.1">
    <header>
        <timestamp>2023-05-26T18:41:26</timestamp>
        <product version="6.5.1+9557e9e698" user="Jon.Proch@css-security.com">PreEmptive Protection Dotfuscator Professional</product>
    </header>
    <mapping>
        <module>
            <name>Keyfactor.Orchestrators.CertificateAuthority.dll</name>
            <type>
                <name>&lt;PrivateImplementationDetails&gt;</name>
                <newname>d</newname>
                <methodlist />
                <fieldlist>
                    <field>
                        <signature>&lt;PrivateImplementationDetails&gt;/__StaticArrayInitTypeSize=16</signature>
                        <name>BF97D68DA32AF47B8EE070DECEAC260D3AD27BDD617984CDBD670F7BA39874C0</name>
                        <newname>a</newname>
                    </field>
                    <field>
                        <signature>&lt;PrivateImplementationDetails&gt;/__StaticArrayInitTypeSize=12</signature>
                        <name>CE99AE045C8B2A2A8A58FD1A2120956E74E90322EEF45F7DFE1CA73EEFE655D4</name>
                        <newname>b</newname>
                    </field>
                </fieldlist>
                <propertylist />
                <eventlist />
            </type>
            <type>
                <name>&lt;PrivateImplementationDetails&gt;/__StaticArrayInitTypeSize=12</name>
                <newname>d/a</newname>
                <methodlist />
                <fieldlist />
                <propertylist />
                <eventlist />
            </type>
            <type>
                <name>&lt;PrivateImplementationDetails&gt;/__StaticArrayInitTypeSize=16</name>
                <newname>d/b</newname>
                <methodlist />
                <fieldlist />
                <propertylist />
                <eventlist />
            </type>
            <type>
                <name>Keyfactor.Orchestrators.CertificateAuthority.AgentCertificateImportManager</name>
                <methodlist>
                    <method>
                        <signature>void(Keyfactor.Orchestrators.Extensions.CertificateAuthoritySyncJobConfiguration, Keyfactor.Orchestrators.Core.Http.Interfaces.IKeyfactorHttpClient, Keyfactor.CAClient.Microsoft.Interfaces.IImportLogger, Keyfactor.Orchestrators.Core.Configuration.CertificateAuthoritySettings, System.Guid)</signature>
                        <name>.ctor</name>
                    </method>
                    <method>
                        <signature>int32(Keyfactor.PKI.Enums.CertificateState, Keyfactor.PKI.Enums.CertificateState)</signature>
                        <name>DetermineRowTypeToSend</name>
                        <newname>a</newname>
                    </method>
                    <method>
                        <signature>System.Threading.Tasks.Task`1&lt;bool&gt;(System.Collections.Concurrent.BlockingCollection`1&lt;Keyfactor.CAClient.Microsoft.Models.CertificateRecord&gt;)</signature>
                        <name>ImportAll</name>
                    </method>
                    <method>
                        <signature>System.Threading.Tasks.Task(System.Collections.Generic.IEnumerable`1&lt;Keyfactor.CAClient.Microsoft.Models.CertificateRecord&gt;, unsigned int8[])</signature>
                        <name>SendSyncData</name>
                        <newname>a</newname>
                    </method>
                    <method>
                        <signature>void(System.IO.BinaryWriter, Keyfactor.CAClient.Microsoft.Models.CertificateRecord)</signature>
                        <name>SerializeRecord</name>
                        <newname>a</newname>
                    </method>
                    <method>
                        <signature>Keyfactor.Orchestrators.Core.Configuration.CertificateAuthoritySettings()</signature>
                        <name>get__caSettings</name>
                        <newname>i</newname>
                    </method>
                    <method>
                        <signature>Keyfactor.Orchestrators.CertificateAuthority.CAStateCache()</signature>
                        <name>get__certificateStatesCache</name>
                        <newname>g</newname>
                    </method>
                    <method>
                        <signature>int32()</signature>
                        <name>get__currentErrorCount</name>
                        <newname>b</newname>
                    </method>
                    <method>
                        <signature>Keyfactor.Orchestrators.Core.Http.Interfaces.IKeyfactorHttpClient()</signature>
                        <name>get__httpClient</name>
                        <newname>j</newname>
                    </method>
                    <method>
                        <signature>Keyfactor.CAClient.Microsoft.Interfaces.IImportLogger()</signature>
                        <name>get__importLogger</name>
                        <newname>h</newname>
                    </method>
                    <method>
                        <signature>System.Guid()</signature>
                        <name>get__jobId</name>
                        <newname>e</newname>
                    </method>
                    <method>
                        <signature>Microsoft.Extensions.Logging.ILogger()</signature>
                        <name>get__logger</name>
                        <newname>k</newname>
                    </method>
                    <method>
                        <signature>int32()</signature>
                        <name>get__recordSizeLimit</name>
                        <newname>c</newname>
                    </method>
                    <method>
                        <signature>int32()</signature>
                        <name>get__recordsSubmitted</name>
                        <newname>a</newname>
                    </method>
                    <method>
                        <signature>System.Guid()</signature>
                        <name>get__sessionToken</name>
                        <newname>f</newname>
                    </method>
                    <method>
                        <signature>string()</signature>
                        <name>get__syncUri</name>
                        <newname>d</newname>
                    </method>
                    <method>
                        <signature>void(Keyfactor.Orchestrators.Core.Configuration.CertificateAuthoritySettings)</signature>
                        <name>set__caSettings</name>
                        <newname>a</newname>
                    </method>
                    <method>
                        <signature>void(Keyfactor.Orchestrators.CertificateAuthority.CAStateCache)</signature>
                        <name>set__certificateStatesCache</name>
                        <newname>a</newname>
                    </method>
                    <method>
                        <signature>void(int32)</signature>
                        <name>set__currentErrorCount</name>
                        <newname>b</newname>
                    </method>
                    <method>
                        <signature>void(Keyfactor.Orchestrators.Core.Http.Interfaces.IKeyfactorHttpClient)</signature>
                        <name>set__httpClient</name>
                        <newname>a</newname>
                    </method>
                    <method>
                        <signature>void(Keyfactor.CAClient.Microsoft.Interfaces.IImportLogger)</signature>
                        <name>set__importLogger</name>
                        <newname>a</newname>
                    </method>
                    <method>
                        <signature>void(System.Guid)</signature>
                        <name>set__jobId</name>
                        <newname>a</newname>
                    </method>
                    <method>
                        <signature>void(int32)</signature>
                        <name>set__recordSizeLimit</name>
                        <newname>c</newname>
                    </method>
                    <method>
                        <signature>void(int32)</signature>
                        <name>set__recordsSubmitted</name>
                        <newname>a</newname>
                    </method>
                    <method>
                        <signature>void(System.Guid)</signature>
                        <name>set__sessionToken</name>
                        <newname>b</newname>
                    </method>
                    <method>
                        <signature>void(string)</signature>
                        <name>set__syncUri</name>
                        <newname>a</newname>
                    </method>
                </methodlist>
                <fieldlist>
                    <field>
                        <signature>Keyfactor.Orchestrators.Core.Configuration.CertificateAuthoritySettings</signature>
                        <name>&lt;_caSettings&gt;k__BackingField</name>
                        <newname>c</newname>
                    </field>
                    <field>
                        <signature>Keyfactor.Orchestrators.CertificateAuthority.CAStateCache</signature>
                        <name>&lt;_certificateStatesCache&gt;k__BackingField</name>
                        <newname>e</newname>
                    </field>
                    <field>
                        <signature>int32</signature>
                        <name>&lt;_currentErrorCount&gt;k__BackingField</name>
                        <newname>j</newname>
                    </field>
                    <field>
                        <signature>Keyfactor.Orchestrators.Core.Http.Interfaces.IKeyfactorHttpClient</signature>
                        <name>&lt;_httpClient&gt;k__BackingField</name>
                        <newname>b</newname>
                    </field>
                    <field>
                        <signature>Keyfactor.CAClient.Microsoft.Interfaces.IImportLogger</signature>
                        <name>&lt;_importLogger&gt;k__BackingField</name>
                        <newname>d</newname>
                    </field>
                    <field>
                        <signature>System.Guid</signature>
                        <name>&lt;_jobId&gt;k__BackingField</name>
                        <newname>g</newname>
                    </field>
                    <field>
                        <signature>Microsoft.Extensions.Logging.ILogger</signature>
                        <name>&lt;_logger&gt;k__BackingField</name>
                        <newname>a</newname>
                    </field>
                    <field>
                        <signature>int32</signature>
                        <name>&lt;_recordSizeLimit&gt;k__BackingField</name>
                        <newname>i</newname>
                    </field>
                    <field>
                        <signature>int32</signature>
                        <name>&lt;_recordsSubmitted&gt;k__BackingField</name>
                        <newname>k</newname>
                    </field>
                    <field>
                        <signature>System.Guid</signature>
                        <name>&lt;_sessionToken&gt;k__BackingField</name>
                        <newname>f</newname>
                    </field>
                    <field>
                        <signature>string</signature>
                        <name>&lt;_syncUri&gt;k__BackingField</name>
                        <newname>h</newname>
                    </field>
                    <field>
                        <signature>Keyfactor.CAClient.Microsoft.Helpers.CertificateRecordSerializer</signature>
                        <name>Serializer</name>
                        <newname>l</newname>
                    </field>
                </fieldlist>
                <propertylist>
                    <property>
                        <signature>Keyfactor.Orchestrators.Core.Configuration.CertificateAuthoritySettings()</signature>
                        <name>_caSettings</name>
                    </property>
                    <property>
                        <signature>Keyfactor.Orchestrators.CertificateAuthority.CAStateCache()</signature>
                        <name>_certificateStatesCache</name>
                    </property>
                    <property>
                        <signature>int32()</signature>
                        <name>_currentErrorCount</name>
                    </property>
                    <property>
                        <signature>Keyfactor.Orchestrators.Core.Http.Interfaces.IKeyfactorHttpClient()</signature>
                        <name>_httpClient</name>
                    </property>
                    <property>
                        <signature>Keyfactor.CAClient.Microsoft.Interfaces.IImportLogger()</signature>
                        <name>_importLogger</name>
                    </property>
                    <property>
                        <signature>System.Guid()</signature>
                        <name>_jobId</name>
                    </property>
                    <property>
                        <signature>Microsoft.Extensions.Logging.ILogger()</signature>
                        <name>_logger</name>
                    </property>
                    <property>
                        <signature>int32()</signature>
                        <name>_recordSizeLimit</name>
                    </property>
                    <property>
                        <signature>int32()</signature>
                        <name>_recordsSubmitted</name>
                    </property>
                    <property>
                        <signature>System.Guid()</signature>
                        <name>_sessionToken</name>
                    </property>
                    <property>
                        <signature>string()</signature>
                        <name>_syncUri</name>
                    </property>
                </propertylist>
                <eventlist />
            </type>
            <type>
                <name>Keyfactor.Orchestrators.CertificateAuthority.AgentCertificateImportManager/&lt;&gt;c__DisplayClass45_0</name>
                <newname>Keyfactor.Orchestrators.CertificateAuthority.AgentCertificateImportManager/a</newname>
                <methodlist>
                    <method>
                        <signature>void()</signature>
                        <name>.ctor</name>
                    </method>
                    <method>
                        <signature>System.Threading.Tasks.Task`1&lt;bool&gt;()</signature>
                        <name>&lt;ImportAll&gt;b__0</name>
                        <newname>c</newname>
                    </method>
                </methodlist>
                <fieldlist>
                    <field>
                        <signature>Keyfactor.Orchestrators.CertificateAuthority.AgentCertificateImportManager</signature>
                        <name>&lt;&gt;4__this</name>
                        <newname>a</newname>
                    </field>
                    <field>
                        <signature>System.Collections.Concurrent.BlockingCollection`1&lt;Keyfactor.CAClient.Microsoft.Models.CertificateRecord&gt;</signature>
                        <name>records</name>
                        <newname>b</newname>
                    </field>
                </fieldlist>
                <propertylist />
                <eventlist />
            </type>
            <type>
                <name>Keyfactor.Orchestrators.CertificateAuthority.AgentCertificateImportManager/&lt;&gt;c__DisplayClass45_0/&lt;&lt;ImportAll&gt;b__0&gt;d</name>
                <newname>Keyfactor.Orchestrators.CertificateAuthority.AgentCertificateImportManager/a/a</newname>
                <methodlist>
                    <method>
                        <signature>void()</signature>
                        <name>MoveNext</name>
                        <newname>d</newname>
                    </method>
                    <method>
                        <signature>void(System.Runtime.CompilerServices.IAsyncStateMachine)</signature>
                        <name>SetStateMachine</name>
                        <newname>d</newname>
                    </method>
                </methodlist>
                <fieldlist>
                    <field>
                        <signature>int32</signature>
                        <name>&lt;&gt;1__state</name>
                        <newname>a</newname>
                    </field>
                    <field>
                        <signature>Keyfactor.Orchestrators.CertificateAuthority.AgentCertificateImportManager/&lt;&gt;c__DisplayClass45_0</signature>
                        <name>&lt;&gt;4__this</name>
                        <newname>c</newname>
                    </field>
                    <field>
                        <signature>System.Runtime.CompilerServices.AsyncTaskMethodBuilder`1&lt;bool&gt;</signature>
                        <name>&lt;&gt;t__builder</name>
                        <newname>b</newname>
                    </field>
                    <field>
                        <signature>System.Runtime.CompilerServices.TaskAwaiter</signature>
                        <name>&lt;&gt;u__1</name>
                        <newname>h</newname>
                    </field>
                    <field>
                        <signature>bool</signature>
                        <name>&lt;done&gt;5__3</name>
                        <newname>e</newname>
                    </field>
                    <field>
                        <signature>System.Collections.Generic.IEnumerator`1&lt;Keyfactor.CAClient.Microsoft.Models.CertificateRecord&gt;</signature>
                        <name>&lt;recordEnumerator&gt;5__2</name>
                        <newname>d</newname>
                    </field>
                    <field>
                        <signature>System.IO.MemoryStream</signature>
                        <name>&lt;stream&gt;5__4</name>
                        <newname>f</newname>
                    </field>
                    <field>
                        <signature>System.IO.BinaryWriter</signature>
                        <name>&lt;writer&gt;5__5</name>
                        <newname>g</newname>
                    </field>
                </fieldlist>
                <propertylist />
                <eventlist />
            </type>
            <type>
                <name>Keyfactor.Orchestrators.CertificateAuthority.AgentCertificateImportManager/&lt;SendSyncData&gt;d__46</name>
                <newname>Keyfactor.Orchestrators.CertificateAuthority.AgentCertificateImportManager/b</newname>
                <methodlist>
                    <method>
                        <signature>void()</signature>
                        <name>MoveNext</name>
                        <newname>f</newname>
                    </method>
                    <method>
                        <signature>void(System.Runtime.CompilerServices.IAsyncStateMachine)</signature>
                        <name>SetStateMachine</name>
                        <newname>f</newname>
                    </method>
                </methodlist>
                <fieldlist>
                    <field>
                        <signature>int32</signature>
                        <name>&lt;&gt;1__state</name>
                        <newname>a</newname>
                    </field>
                    <field>
                        <signature>Keyfactor.Orchestrators.CertificateAuthority.AgentCertificateImportManager</signature>
                        <name>&lt;&gt;4__this</name>
                        <newname>c</newname>
                    </field>
                    <field>
                        <signature>object</signature>
                        <name>&lt;&gt;7__wrap1</name>
                        <newname>f</newname>
                    </field>
                    <field>
                        <signature>int32</signature>
                        <name>&lt;&gt;7__wrap2</name>
                        <newname>g</newname>
                    </field>
                    <field>
                        <signature>System.Runtime.CompilerServices.AsyncTaskMethodBuilder</signature>
                        <name>&lt;&gt;t__builder</name>
                        <newname>b</newname>
                    </field>
                    <field>
                        <signature>System.Runtime.CompilerServices.TaskAwaiter`1&lt;Keyfactor.Orchestrators.Models.Contracts.Responses.JobResponseBase&gt;</signature>
                        <name>&lt;&gt;u__1</name>
                        <newname>h</newname>
                    </field>
                    <field>
                        <signature>System.Runtime.CompilerServices.TaskAwaiter</signature>
                        <name>&lt;&gt;u__2</name>
                        <newname>j</newname>
                    </field>
                    <field>
                        <signature>int32</signature>
                        <name>&lt;batchLength&gt;5__4</name>
                        <newname>i</newname>
                    </field>
                    <field>
                        <signature>System.Collections.Generic.IEnumerable`1&lt;Keyfactor.CAClient.Microsoft.Models.CertificateRecord&gt;</signature>
                        <name>records</name>
                        <newname>d</newname>
                    </field>
                    <field>
                        <signature>unsigned int8[]</signature>
                        <name>serialized</name>
                        <newname>e</newname>
                    </field>
                </fieldlist>
                <propertylist />
                <eventlist />
            </type>
            <type>
                <name>Keyfactor.Orchestrators.CertificateAuthority.CAStateCache</name>
                <methodlist>
                    <method>
                        <signature>void(Keyfactor.Orchestrators.Extensions.CertificateAuthoritySyncJobConfiguration, Keyfactor.Orchestrators.Core.Http.Interfaces.IKeyfactorHttpClient, Keyfactor.Orchestrators.Core.Configuration.CertificateAuthoritySettings, System.Guid)</signature>
                        <name>.ctor</name>
                    </method>
                    <method>
                        <signature>void()</signature>
                        <name>GetMoreRecords</name>
                        <newname>a</newname>
                    </method>
                    <method>
                        <signature>void()</signature>
                        <name>Load</name>
                        <newname>b</newname>
                    </method>
                    <method>
                        <signature>Keyfactor.PKI.Enums.CertificateState(int32)</signature>
                        <name>StateForCert</name>
                    </method>
                    <method>
                        <signature>string()</signature>
                        <name>get__caConfig</name>
                        <newname>f</newname>
                    </method>
                    <method>
                        <signature>Keyfactor.Orchestrators.Core.Configuration.CertificateAuthoritySettings()</signature>
                        <name>get__caSettings</name>
                        <newname>j</newname>
                    </method>
                    <method>
                        <signature>string()</signature>
                        <name>get__cacheUri</name>
                        <newname>g</newname>
                    </method>
                    <method>
                        <signature>System.Collections.Generic.Dictionary`2&lt;int32,Keyfactor.PKI.Enums.CertificateState&gt;()</signature>
                        <name>get__certificateStatesCache</name>
                        <newname>h</newname>
                    </method>
                    <method>
                        <signature>Keyfactor.Orchestrators.Core.Http.Interfaces.IKeyfactorHttpClient()</signature>
                        <name>get__httpClient</name>
                        <newname>c</newname>
                    </method>
                    <method>
                        <signature>bool()</signature>
                        <name>get__isLoaded</name>
                        <newname>i</newname>
                    </method>
                    <method>
                        <signature>System.Guid()</signature>
                        <name>get__jobId</name>
                        <newname>d</newname>
                    </method>
                    <method>
                        <signature>Microsoft.Extensions.Logging.ILogger()</signature>
                        <name>get__logger</name>
                        <newname>k</newname>
                    </method>
                    <method>
                        <signature>System.Guid()</signature>
                        <name>get__sessionToken</name>
                        <newname>e</newname>
                    </method>
                    <method>
                        <signature>void(string)</signature>
                        <name>set__caConfig</name>
                        <newname>a</newname>
                    </method>
                    <method>
                        <signature>void(Keyfactor.Orchestrators.Core.Configuration.CertificateAuthoritySettings)</signature>
                        <name>set__caSettings</name>
                        <newname>a</newname>
                    </method>
                    <method>
                        <signature>void(string)</signature>
                        <name>set__cacheUri</name>
                        <newname>b</newname>
                    </method>
                    <method>
                        <signature>void(System.Collections.Generic.Dictionary`2&lt;int32,Keyfactor.PKI.Enums.CertificateState&gt;)</signature>
                        <name>set__certificateStatesCache</name>
                        <newname>a</newname>
                    </method>
                    <method>
                        <signature>void(Keyfactor.Orchestrators.Core.Http.Interfaces.IKeyfactorHttpClient)</signature>
                        <name>set__httpClient</name>
                        <newname>a</newname>
                    </method>
                    <method>
                        <signature>void(bool)</signature>
                        <name>set__isLoaded</name>
                        <newname>a</newname>
                    </method>
                    <method>
                        <signature>void(System.Guid)</signature>
                        <name>set__jobId</name>
                        <newname>a</newname>
                    </method>
                    <method>
                        <signature>void(System.Guid)</signature>
                        <name>set__sessionToken</name>
                        <newname>b</newname>
                    </method>
                </methodlist>
                <fieldlist>
                    <field>
                        <signature>string</signature>
                        <name>&lt;_caConfig&gt;k__BackingField</name>
                        <newname>f</newname>
                    </field>
                    <field>
                        <signature>Keyfactor.Orchestrators.Core.Configuration.CertificateAuthoritySettings</signature>
                        <name>&lt;_caSettings&gt;k__BackingField</name>
                        <newname>b</newname>
                    </field>
                    <field>
                        <signature>string</signature>
                        <name>&lt;_cacheUri&gt;k__BackingField</name>
                        <newname>e</newname>
                    </field>
                    <field>
                        <signature>System.Collections.Generic.Dictionary`2&lt;int32,Keyfactor.PKI.Enums.CertificateState&gt;</signature>
                        <name>&lt;_certificateStatesCache&gt;k__BackingField</name>
                        <newname>d</newname>
                    </field>
                    <field>
                        <signature>Keyfactor.Orchestrators.Core.Http.Interfaces.IKeyfactorHttpClient</signature>
                        <name>&lt;_httpClient&gt;k__BackingField</name>
                        <newname>i</newname>
                    </field>
                    <field>
                        <signature>bool</signature>
                        <name>&lt;_isLoaded&gt;k__BackingField</name>
                        <newname>c</newname>
                    </field>
                    <field>
                        <signature>System.Guid</signature>
                        <name>&lt;_jobId&gt;k__BackingField</name>
                        <newname>h</newname>
                    </field>
                    <field>
                        <signature>Microsoft.Extensions.Logging.ILogger</signature>
                        <name>&lt;_logger&gt;k__BackingField</name>
                        <newname>a</newname>
                    </field>
                    <field>
                        <signature>System.Guid</signature>
                        <name>&lt;_sessionToken&gt;k__BackingField</name>
                        <newname>g</newname>
                    </field>
                </fieldlist>
                <propertylist>
                    <property>
                        <signature>string()</signature>
                        <name>_caConfig</name>
                    </property>
                    <property>
                        <signature>Keyfactor.Orchestrators.Core.Configuration.CertificateAuthoritySettings()</signature>
                        <name>_caSettings</name>
                    </property>
                    <property>
                        <signature>string()</signature>
                        <name>_cacheUri</name>
                    </property>
                    <property>
                        <signature>System.Collections.Generic.Dictionary`2&lt;int32,Keyfactor.PKI.Enums.CertificateState&gt;()</signature>
                        <name>_certificateStatesCache</name>
                    </property>
                    <property>
                        <signature>Keyfactor.Orchestrators.Core.Http.Interfaces.IKeyfactorHttpClient()</signature>
                        <name>_httpClient</name>
                    </property>
                    <property>
                        <signature>bool()</signature>
                        <name>_isLoaded</name>
                    </property>
                    <property>
                        <signature>System.Guid()</signature>
                        <name>_jobId</name>
                    </property>
                    <property>
                        <signature>Microsoft.Extensions.Logging.ILogger()</signature>
                        <name>_logger</name>
                    </property>
                    <property>
                        <signature>System.Guid()</signature>
                        <name>_sessionToken</name>
                    </property>
                </propertylist>
                <eventlist />
            </type>
            <type>
                <name>Keyfactor.Orchestrators.CertificateAuthority.CAStateCache/&lt;GetMoreRecords&gt;d__38</name>
                <newname>Keyfactor.Orchestrators.CertificateAuthority.CAStateCache/a</newname>
                <methodlist>
                    <method>
                        <signature>void()</signature>
                        <name>MoveNext</name>
                        <newname>d</newname>
                    </method>
                    <method>
                        <signature>void(System.Runtime.CompilerServices.IAsyncStateMachine)</signature>
                        <name>SetStateMachine</name>
                        <newname>d</newname>
                    </method>
                </methodlist>
                <fieldlist>
                    <field>
                        <signature>int32</signature>
                        <name>&lt;&gt;1__state</name>
                        <newname>a</newname>
                    </field>
                    <field>
                        <signature>Keyfactor.Orchestrators.CertificateAuthority.CAStateCache</signature>
                        <name>&lt;&gt;4__this</name>
                        <newname>c</newname>
                    </field>
                    <field>
                        <signature>System.Runtime.CompilerServices.AsyncVoidMethodBuilder</signature>
                        <name>&lt;&gt;t__builder</name>
                        <newname>b</newname>
                    </field>
                    <field>
                        <signature>System.Runtime.CompilerServices.TaskAwaiter`1&lt;Keyfactor.Orchestrators.CertificateAuthority.RetrieveCacheResponse&gt;</signature>
                        <name>&lt;&gt;u__1</name>
                        <newname>d</newname>
                    </field>
                </fieldlist>
                <propertylist />
                <eventlist />
            </type>
            <type>
                <name>Keyfactor.Orchestrators.CertificateAuthority.CertificateAuthoritySyncJobExtension</name>
                <methodlist>
                    <method>
                        <signature>void(Microsoft.Extensions.Options.IOptions`1&lt;Keyfactor.Orchestrators.Core.Configuration.CertificateAuthoritySettings&gt;, Keyfactor.Orchestrators.Core.Http.Interfaces.IKeyfactorHttpClient)</signature>
                        <name>.ctor</name>
                    </method>
                    <method>
                        <signature>bool(string, Keyfactor.Orchestrators.Extensions.CertificateAuthoritySyncJobConfiguration)</signature>
                        <name>CheckPermissions</name>
                        <newname>a</newname>
                    </method>
                    <method>
                        <signature>System.Threading.Tasks.Task`1&lt;Keyfactor.Orchestrators.Extensions.CertificateAuthoritySyncResult&gt;(Keyfactor.Orchestrators.Extensions.CertificateAuthoritySyncJobConfiguration, System.Guid, System.Threading.CancellationToken)</signature>
                        <name>ProcessJob</name>
                    </method>
                    <method>
                        <signature>void(System.Exception)</signature>
                        <name>UpdateRunStatusAndMessage</name>
                        <newname>a</newname>
                    </method>
                    <method>
                        <signature>string()</signature>
                        <name>get_ExtensionName</name>
                    </method>
                    <method>
                        <signature>int32()</signature>
                        <name>get__caReadBatchSize</name>
                        <newname>d</newname>
                    </method>
                    <method>
                        <signature>Keyfactor.Orchestrators.Core.Configuration.CertificateAuthoritySettings()</signature>
                        <name>get__caSettings</name>
                        <newname>f</newname>
                    </method>
                    <method>
                        <signature>System.Text.StringBuilder()</signature>
                        <name>get__errorMessages</name>
                        <newname>b</newname>
                    </method>
                    <method>
                        <signature>Keyfactor.Orchestrators.Core.Http.Interfaces.IKeyfactorHttpClient()</signature>
                        <name>get__httpClient</name>
                        <newname>e</newname>
                    </method>
                    <method>
                        <signature>Keyfactor.Orchestrators.Common.Enums.OrchestratorJobStatusJobResult()</signature>
                        <name>get__jobResult</name>
                        <newname>a</newname>
                    </method>
                    <method>
                        <signature>Microsoft.Extensions.Logging.ILogger()</signature>
                        <name>get__logger</name>
                        <newname>g</newname>
                    </method>
                    <method>
                        <signature>int32()</signature>
                        <name>get__maxQueueSize</name>
                        <newname>c</newname>
                    </method>
                    <method>
                        <signature>void(int32)</signature>
                        <name>set__caReadBatchSize</name>
                        <newname>b</newname>
                    </method>
                    <method>
                        <signature>void(Keyfactor.Orchestrators.Core.Configuration.CertificateAuthoritySettings)</signature>
                        <name>set__caSettings</name>
                        <newname>a</newname>
                    </method>
                    <method>
                        <signature>void(System.Text.StringBuilder)</signature>
                        <name>set__errorMessages</name>
                        <newname>a</newname>
                    </method>
                    <method>
                        <signature>void(Keyfactor.Orchestrators.Core.Http.Interfaces.IKeyfactorHttpClient)</signature>
                        <name>set__httpClient</name>
                        <newname>a</newname>
                    </method>
                    <method>
                        <signature>void(Keyfactor.Orchestrators.Common.Enums.OrchestratorJobStatusJobResult)</signature>
                        <name>set__jobResult</name>
                        <newname>a</newname>
                    </method>
                    <method>
                        <signature>void(int32)</signature>
                        <name>set__maxQueueSize</name>
                        <newname>a</newname>
                    </method>
                </methodlist>
                <fieldlist>
                    <field>
                        <signature>int32</signature>
                        <name>&lt;_caReadBatchSize&gt;k__BackingField</name>
                        <newname>d</newname>
                    </field>
                    <field>
                        <signature>Keyfactor.Orchestrators.Core.Configuration.CertificateAuthoritySettings</signature>
                        <name>&lt;_caSettings&gt;k__BackingField</name>
                        <newname>b</newname>
                    </field>
                    <field>
                        <signature>System.Text.StringBuilder</signature>
                        <name>&lt;_errorMessages&gt;k__BackingField</name>
                        <newname>f</newname>
                    </field>
                    <field>
                        <signature>Keyfactor.Orchestrators.Core.Http.Interfaces.IKeyfactorHttpClient</signature>
                        <name>&lt;_httpClient&gt;k__BackingField</name>
                        <newname>c</newname>
                    </field>
                    <field>
                        <signature>Keyfactor.Orchestrators.Common.Enums.OrchestratorJobStatusJobResult</signature>
                        <name>&lt;_jobResult&gt;k__BackingField</name>
                        <newname>g</newname>
                    </field>
                    <field>
                        <signature>Microsoft.Extensions.Logging.ILogger</signature>
                        <name>&lt;_logger&gt;k__BackingField</name>
                        <newname>a</newname>
                    </field>
                    <field>
                        <signature>int32</signature>
                        <name>&lt;_maxQueueSize&gt;k__BackingField</name>
                        <newname>e</newname>
                    </field>
                </fieldlist>
                <propertylist>
                    <property>
                        <signature>string()</signature>
                        <name>ExtensionName</name>
                    </property>
                    <property>
                        <signature>int32()</signature>
                        <name>_caReadBatchSize</name>
                    </property>
                    <property>
                        <signature>Keyfactor.Orchestrators.Core.Configuration.CertificateAuthoritySettings()</signature>
                        <name>_caSettings</name>
                    </property>
                    <property>
                        <signature>System.Text.StringBuilder()</signature>
                        <name>_errorMessages</name>
                    </property>
                    <property>
                        <signature>Keyfactor.Orchestrators.Core.Http.Interfaces.IKeyfactorHttpClient()</signature>
                        <name>_httpClient</name>
                    </property>
                    <property>
                        <signature>Keyfactor.Orchestrators.Common.Enums.OrchestratorJobStatusJobResult()</signature>
                        <name>_jobResult</name>
                    </property>
                    <property>
                        <signature>Microsoft.Extensions.Logging.ILogger()</signature>
                        <name>_logger</name>
                    </property>
                    <property>
                        <signature>int32()</signature>
                        <name>_maxQueueSize</name>
                    </property>
                </propertylist>
                <eventlist />
            </type>
            <type>
                <name>Keyfactor.Orchestrators.CertificateAuthority.CertificateAuthoritySyncJobExtension/&lt;&gt;c__DisplayClass30_0</name>
                <newname>Keyfactor.Orchestrators.CertificateAuthority.CertificateAuthoritySyncJobExtension/a</newname>
                <methodlist>
                    <method>
                        <signature>void()</signature>
                        <name>.ctor</name>
                    </method>
                    <method>
                        <signature>bool(System.Threading.Tasks.Task`1&lt;bool&gt;)</signature>
                        <name>&lt;ProcessJob&gt;b__0</name>
                        <newname>c</newname>
                    </method>
                </methodlist>
                <fieldlist>
                    <field>
                        <signature>Keyfactor.Orchestrators.CertificateAuthority.CertificateAuthoritySyncJobExtension</signature>
                        <name>&lt;&gt;4__this</name>
                        <newname>a</newname>
                    </field>
                    <field>
                        <signature>System.Threading.CancellationTokenSource</signature>
                        <name>cancelSource</name>
                        <newname>b</newname>
                    </field>
                </fieldlist>
                <propertylist />
                <eventlist />
            </type>
            <type>
                <name>Keyfactor.Orchestrators.CertificateAuthority.CertificateAuthoritySyncJobExtension/&lt;&gt;c__DisplayClass32_0</name>
                <newname>Keyfactor.Orchestrators.CertificateAuthority.CertificateAuthoritySyncJobExtension/b</newname>
                <methodlist>
                    <method>
                        <signature>void()</signature>
                        <name>.ctor</name>
                    </method>
                    <method>
                        <signature>bool(Keyfactor.Orchestrators.Core.Configuration.CertificateAuthority)</signature>
                        <name>&lt;CheckPermissions&gt;b__0</name>
                        <newname>b</newname>
                    </method>
                </methodlist>
                <fieldlist>
                    <field>
                        <signature>Keyfactor.Orchestrators.Extensions.CertificateAuthoritySyncJobConfiguration</signature>
                        <name>config</name>
                        <newname>a</newname>
                    </field>
                </fieldlist>
                <propertylist />
                <eventlist />
            </type>
            <type>
                <name>Keyfactor.Orchestrators.CertificateAuthority.CertificateAuthoritySyncJobExtension/&lt;ProcessJob&gt;d__30</name>
                <newname>Keyfactor.Orchestrators.CertificateAuthority.CertificateAuthoritySyncJobExtension/c</newname>
                <methodlist>
                    <method>
                        <signature>void()</signature>
                        <name>MoveNext</name>
                        <newname>g</newname>
                    </method>
                    <method>
                        <signature>void(System.Runtime.CompilerServices.IAsyncStateMachine)</signature>
                        <name>SetStateMachine</name>
                        <newname>g</newname>
                    </method>
                </methodlist>
                <fieldlist>
                    <field>
                        <signature>int32</signature>
                        <name>&lt;&gt;1__state</name>
                        <newname>a</newname>
                    </field>
                    <field>
                        <signature>Keyfactor.Orchestrators.CertificateAuthority.CertificateAuthoritySyncJobExtension</signature>
                        <name>&lt;&gt;4__this</name>
                        <newname>c</newname>
                    </field>
                    <field>
                        <signature>System.Runtime.CompilerServices.AsyncTaskMethodBuilder`1&lt;Keyfactor.Orchestrators.Extensions.CertificateAuthoritySyncResult&gt;</signature>
                        <name>&lt;&gt;t__builder</name>
                        <newname>b</newname>
                    </field>
                    <field>
                        <signature>System.Runtime.CompilerServices.ConfiguredTaskAwaitable`1/ConfiguredTaskAwaiter&lt;Keyfactor.CAClient.Microsoft.Models.CASyncResult&gt;</signature>
                        <name>&lt;&gt;u__1</name>
                        <newname>o</newname>
                    </field>
                    <field>
                        <signature>System.Runtime.CompilerServices.ConfiguredTaskAwaitable`1/ConfiguredTaskAwaiter&lt;bool&gt;</signature>
                        <name>&lt;&gt;u__2</name>
                        <newname>p</newname>
                    </field>
                    <field>
                        <signature>Keyfactor.CAClient.Microsoft.Interfaces.ICAClient</signature>
                        <name>&lt;caClient&gt;5__8</name>
                        <newname>m</newname>
                    </field>
                    <field>
                        <signature>string</signature>
                        <name>&lt;caConfig&gt;5__2</name>
                        <newname>g</newname>
                    </field>
                    <field>
                        <signature>System.Collections.Concurrent.BlockingCollection`1&lt;Keyfactor.CAClient.Microsoft.Models.CertificateRecord&gt;</signature>
                        <name>&lt;certRecords&gt;5__7</name>
                        <newname>l</newname>
                    </field>
                    <field>
                        <signature>System.Runtime.CompilerServices.ConfiguredTaskAwaitable`1&lt;bool&gt;</signature>
                        <name>&lt;importTask&gt;5__9</name>
                        <newname>n</newname>
                    </field>
                    <field>
                        <signature>System.Threading.Timer</signature>
                        <name>&lt;loggingTimer&gt;5__6</name>
                        <newname>k</newname>
                    </field>
                    <field>
                        <signature>Keyfactor.CAClient.Microsoft.Synchronizer.CASyncLogger</signature>
                        <name>&lt;syncLogger&gt;5__4</name>
                        <newname>i</newname>
                    </field>
                    <field>
                        <signature>Keyfactor.CAClient.Microsoft.Models.CASyncResult</signature>
                        <name>&lt;syncResult&gt;5__5</name>
                        <newname>j</newname>
                    </field>
                    <field>
                        <signature>Keyfactor.CAClient.Microsoft.Enums.CASyncType</signature>
                        <name>&lt;syncType&gt;5__3</name>
                        <newname>h</newname>
                    </field>
                    <field>
                        <signature>System.Threading.CancellationToken</signature>
                        <name>cancellationToken</name>
                        <newname>e</newname>
                    </field>
                    <field>
                        <signature>Keyfactor.Orchestrators.Extensions.CertificateAuthoritySyncJobConfiguration</signature>
                        <name>config</name>
                        <newname>d</newname>
                    </field>
                    <field>
                        <signature>System.Guid</signature>
                        <name>sessionToken</name>
                        <newname>f</newname>
                    </field>
                </fieldlist>
                <propertylist />
                <eventlist />
            </type>
            <type>
                <name>Keyfactor.Orchestrators.CertificateAuthority.CertificateStatesCache</name>
                <methodlist>
                    <method>
                        <signature>void()</signature>
                        <name>.cctor</name>
                    </method>
                    <method>
                        <signature>void()</signature>
                        <name>.ctor</name>
                    </method>
                    <method>
                        <signature>void(string, System.Collections.Generic.Dictionary`2&lt;int32,Keyfactor.PKI.Enums.CertificateState&gt;)</signature>
                        <name>AddToCache</name>
                    </method>
                    <method>
                        <signature>System.Collections.Generic.Dictionary`2&lt;int32,Keyfactor.PKI.Enums.CertificateState&gt;(string, System.DateTime)</signature>
                        <name>GetCertificateStates</name>
                    </method>
                    <method>
                        <signature>System.DateTime()</signature>
                        <name>get_EntryTime</name>
                        <newname>b</newname>
                    </method>
                    <method>
                        <signature>System.Collections.Generic.Dictionary`2&lt;string,Keyfactor.Orchestrators.CertificateAuthority.CertificateStatesCache&gt;()</signature>
                        <name>get_SavedCertificateStates</name>
                        <newname>a</newname>
                    </method>
                    <method>
                        <signature>System.Collections.Generic.Dictionary`2&lt;int32,Keyfactor.PKI.Enums.CertificateState&gt;()</signature>
                        <name>get_StateCache</name>
                        <newname>c</newname>
                    </method>
                    <method>
                        <signature>void(System.DateTime)</signature>
                        <name>set_EntryTime</name>
                        <newname>a</newname>
                    </method>
                    <method>
                        <signature>void(System.Collections.Generic.Dictionary`2&lt;string,Keyfactor.Orchestrators.CertificateAuthority.CertificateStatesCache&gt;)</signature>
                        <name>set_SavedCertificateStates</name>
                        <newname>a</newname>
                    </method>
                    <method>
                        <signature>void(System.Collections.Generic.Dictionary`2&lt;int32,Keyfactor.PKI.Enums.CertificateState&gt;)</signature>
                        <name>set_StateCache</name>
                        <newname>a</newname>
                    </method>
                </methodlist>
                <fieldlist>
                    <field>
                        <signature>System.DateTime</signature>
                        <name>&lt;EntryTime&gt;k__BackingField</name>
                        <newname>b</newname>
                    </field>
                    <field>
                        <signature>System.Collections.Generic.Dictionary`2&lt;string,Keyfactor.Orchestrators.CertificateAuthority.CertificateStatesCache&gt;</signature>
                        <name>&lt;SavedCertificateStates&gt;k__BackingField</name>
                        <newname>c</newname>
                    </field>
                    <field>
                        <signature>System.Collections.Generic.Dictionary`2&lt;int32,Keyfactor.PKI.Enums.CertificateState&gt;</signature>
                        <name>&lt;StateCache&gt;k__BackingField</name>
                        <newname>a</newname>
                    </field>
                </fieldlist>
                <propertylist>
                    <property>
                        <signature>System.DateTime()</signature>
                        <name>EntryTime</name>
                    </property>
                    <property>
                        <signature>System.Collections.Generic.Dictionary`2&lt;string,Keyfactor.Orchestrators.CertificateAuthority.CertificateStatesCache&gt;()</signature>
                        <name>SavedCertificateStates</name>
                    </property>
                    <property>
                        <signature>System.Collections.Generic.Dictionary`2&lt;int32,Keyfactor.PKI.Enums.CertificateState&gt;()</signature>
                        <name>StateCache</name>
                    </property>
                </propertylist>
                <eventlist />
            </type>
            <type>
                <name>Keyfactor.Orchestrators.CertificateAuthority.CertificateStatesCache/&lt;&gt;c</name>
                <methodlist>
                    <method>
                        <signature>void()</signature>
                        <name>.cctor</name>
                    </method>
                    <method>
                        <signature>void()</signature>
                        <name>.ctor</name>
                    </method>
                    <method>
                        <signature>System.Collections.Generic.Dictionary`2&lt;int32,Keyfactor.PKI.Enums.CertificateState&gt;(System.Collections.Generic.KeyValuePair`2&lt;string,Keyfactor.Orchestrators.CertificateAuthority.CertificateStatesCache&gt;)</signature>
                        <name>&lt;GetCertificateStates&gt;b__12_1</name>
                        <newname>a</newname>
                    </method>
                </methodlist>
                <fieldlist>
                    <field>
                        <signature>Keyfactor.Orchestrators.CertificateAuthority.CertificateStatesCache/&lt;&gt;c</signature>
                        <name>&lt;&gt;9</name>
                    </field>
                    <field>
                        <signature>System.Func`2&lt;System.Collections.Generic.KeyValuePair`2&lt;string,Keyfactor.Orchestrators.CertificateAuthority.CertificateStatesCache&gt;,System.Collections.Generic.Dictionary`2&lt;int32,Keyfactor.PKI.Enums.CertificateState&gt;&gt;</signature>
                        <name>&lt;&gt;9__12_1</name>
                    </field>
                </fieldlist>
                <propertylist />
                <eventlist />
            </type>
            <type>
                <name>Keyfactor.Orchestrators.CertificateAuthority.CertificateStatesCache/&lt;&gt;c__DisplayClass12_0</name>
                <newname>Keyfactor.Orchestrators.CertificateAuthority.CertificateStatesCache/a</newname>
                <methodlist>
                    <method>
                        <signature>void()</signature>
                        <name>.ctor</name>
                    </method>
                    <method>
                        <signature>bool(System.Collections.Generic.KeyValuePair`2&lt;string,Keyfactor.Orchestrators.CertificateAuthority.CertificateStatesCache&gt;)</signature>
                        <name>&lt;GetCertificateStates&gt;b__0</name>
                        <newname>c</newname>
                    </method>
                </methodlist>
                <fieldlist>
                    <field>
                        <signature>string</signature>
                        <name>caConfig</name>
                        <newname>a</newname>
                    </field>
                    <field>
                        <signature>System.DateTime</signature>
                        <name>createdLaterThan</name>
                        <newname>b</newname>
                    </field>
                </fieldlist>
                <propertylist />
                <eventlist />
            </type>
            <type>
                <name>Keyfactor.Orchestrators.CertificateAuthority.JobConfigurationManager</name>
                <methodlist>
                    <method>
                        <signature>bool(string)</signature>
                        <name>GetUseSslFromStoreProperties</name>
                    </method>
                </methodlist>
                <fieldlist />
                <propertylist />
                <eventlist />
            </type>
            <type>
                <name>Keyfactor.Orchestrators.CertificateAuthority.Models.TemplateSyncUpdateRequest</name>
                <methodlist>
                    <method>
                        <signature>void()</signature>
                        <name>.ctor</name>
                    </method>
                    <method>
                        <signature>string()</signature>
                        <name>get_Forest</name>
                    </method>
                    <method>
                        <signature>System.Guid()</signature>
                        <name>get_JobId</name>
                    </method>
                    <method>
                        <signature>System.Guid()</signature>
                        <name>get_SessionToken</name>
                    </method>
                    <method>
                        <signature>System.Collections.Generic.List`1&lt;Keyfactor.ActiveDirectory.PKI.Models.CertificateTemplate&gt;()</signature>
                        <name>get_Templates</name>
                    </method>
                    <method>
                        <signature>void(string)</signature>
                        <name>set_Forest</name>
                    </method>
                    <method>
                        <signature>void(System.Guid)</signature>
                        <name>set_JobId</name>
                    </method>
                    <method>
                        <signature>void(System.Guid)</signature>
                        <name>set_SessionToken</name>
                    </method>
                    <method>
                        <signature>void(System.Collections.Generic.List`1&lt;Keyfactor.ActiveDirectory.PKI.Models.CertificateTemplate&gt;)</signature>
                        <name>set_Templates</name>
                    </method>
                </methodlist>
                <fieldlist>
                    <field>
                        <signature>string</signature>
                        <name>&lt;Forest&gt;k__BackingField</name>
                        <newname>a</newname>
                    </field>
                    <field>
                        <signature>System.Guid</signature>
                        <name>&lt;JobId&gt;k__BackingField</name>
                        <newname>d</newname>
                    </field>
                    <field>
                        <signature>System.Guid</signature>
                        <name>&lt;SessionToken&gt;k__BackingField</name>
                        <newname>c</newname>
                    </field>
                    <field>
                        <signature>System.Collections.Generic.List`1&lt;Keyfactor.ActiveDirectory.PKI.Models.CertificateTemplate&gt;</signature>
                        <name>&lt;Templates&gt;k__BackingField</name>
                        <newname>b</newname>
                    </field>
                </fieldlist>
                <propertylist>
                    <property>
                        <signature>string()</signature>
                        <name>Forest</name>
                    </property>
                    <property>
                        <signature>System.Guid()</signature>
                        <name>JobId</name>
                    </property>
                    <property>
                        <signature>System.Guid()</signature>
                        <name>SessionToken</name>
                    </property>
                    <property>
                        <signature>System.Collections.Generic.List`1&lt;Keyfactor.ActiveDirectory.PKI.Models.CertificateTemplate&gt;()</signature>
                        <name>Templates</name>
                    </property>
                </propertylist>
                <eventlist />
            </type>
            <type>
                <name>Keyfactor.Orchestrators.CertificateAuthority.RetrieveCacheRequest</name>
                <methodlist>
                    <method>
                        <signature>void()</signature>
                        <name>.ctor</name>
                    </method>
                    <method>
                        <signature>int32()</signature>
                        <name>get_BatchSize</name>
                    </method>
                    <method>
                        <signature>string()</signature>
                        <name>get_CAConfig</name>
                    </method>
                    <method>
                        <signature>System.Guid()</signature>
                        <name>get_JobId</name>
                    </method>
                    <method>
                        <signature>System.Guid()</signature>
                        <name>get_SessionToken</name>
                    </method>
                    <method>
                        <signature>int32()</signature>
                        <name>get_StartIndex</name>
                    </method>
                    <method>
                        <signature>void(int32)</signature>
                        <name>set_BatchSize</name>
                    </method>
                    <method>
                        <signature>void(string)</signature>
                        <name>set_CAConfig</name>
                    </method>
                    <method>
                        <signature>void(System.Guid)</signature>
                        <name>set_JobId</name>
                    </method>
                    <method>
                        <signature>void(System.Guid)</signature>
                        <name>set_SessionToken</name>
                    </method>
                    <method>
                        <signature>void(int32)</signature>
                        <name>set_StartIndex</name>
                    </method>
                </methodlist>
                <fieldlist>
                    <field>
                        <signature>int32</signature>
                        <name>&lt;BatchSize&gt;k__BackingField</name>
                        <newname>e</newname>
                    </field>
                    <field>
                        <signature>string</signature>
                        <name>&lt;CAConfig&gt;k__BackingField</name>
                        <newname>c</newname>
                    </field>
                    <field>
                        <signature>System.Guid</signature>
                        <name>&lt;JobId&gt;k__BackingField</name>
                        <newname>b</newname>
                    </field>
                    <field>
                        <signature>System.Guid</signature>
                        <name>&lt;SessionToken&gt;k__BackingField</name>
                        <newname>a</newname>
                    </field>
                    <field>
                        <signature>int32</signature>
                        <name>&lt;StartIndex&gt;k__BackingField</name>
                        <newname>d</newname>
                    </field>
                </fieldlist>
                <propertylist>
                    <property>
                        <signature>int32()</signature>
                        <name>BatchSize</name>
                    </property>
                    <property>
                        <signature>string()</signature>
                        <name>CAConfig</name>
                    </property>
                    <property>
                        <signature>System.Guid()</signature>
                        <name>JobId</name>
                    </property>
                    <property>
                        <signature>System.Guid()</signature>
                        <name>SessionToken</name>
                    </property>
                    <property>
                        <signature>int32()</signature>
                        <name>StartIndex</name>
                    </property>
                </propertylist>
                <eventlist />
            </type>
            <type>
                <name>Keyfactor.Orchestrators.CertificateAuthority.RetrieveCacheResponse</name>
                <methodlist>
                    <method>
                        <signature>void()</signature>
                        <name>.ctor</name>
                    </method>
                    <method>
                        <signature>int32[][]()</signature>
                        <name>get_CertStates</name>
                    </method>
                    <method>
                        <signature>bool()</signature>
                        <name>get_MoreRecords</name>
                    </method>
                    <method>
                        <signature>Keyfactor.Orchestrators.Models.RequestResult()</signature>
                        <name>get_Result</name>
                    </method>
                    <method>
                        <signature>void(int32[][])</signature>
                        <name>set_CertStates</name>
                    </method>
                    <method>
                        <signature>void(bool)</signature>
                        <name>set_MoreRecords</name>
                    </method>
                    <method>
                        <signature>void(Keyfactor.Orchestrators.Models.RequestResult)</signature>
                        <name>set_Result</name>
                    </method>
                </methodlist>
                <fieldlist>
                    <field>
                        <signature>int32[][]</signature>
                        <name>&lt;CertStates&gt;k__BackingField</name>
                        <newname>c</newname>
                    </field>
                    <field>
                        <signature>bool</signature>
                        <name>&lt;MoreRecords&gt;k__BackingField</name>
                        <newname>b</newname>
                    </field>
                    <field>
                        <signature>Keyfactor.Orchestrators.Models.RequestResult</signature>
                        <name>&lt;Result&gt;k__BackingField</name>
                        <newname>a</newname>
                    </field>
                </fieldlist>
                <propertylist>
                    <property>
                        <signature>int32[][]()</signature>
                        <name>CertStates</name>
                    </property>
                    <property>
                        <signature>bool()</signature>
                        <name>MoreRecords</name>
                    </property>
                    <property>
                        <signature>Keyfactor.Orchestrators.Models.RequestResult()</signature>
                        <name>Result</name>
                    </property>
                </propertylist>
                <eventlist />
            </type>
            <type>
                <name>Keyfactor.Orchestrators.CertificateAuthority.TemplateSyncJobExtension</name>
                <methodlist>
                    <method>
                        <signature>void(Keyfactor.Orchestrators.Core.Http.Interfaces.IKeyfactorHttpClient)</signature>
                        <name>.ctor</name>
                    </method>
                    <method>
                        <signature>System.Threading.Tasks.Task`1&lt;Keyfactor.Orchestrators.Extensions.JobResult&gt;(Keyfactor.Orchestrators.Extensions.TemplateSyncJobConfiguration, System.Guid)</signature>
                        <name>ProcessJob</name>
                    </method>
                    <method>
                        <signature>string()</signature>
                        <name>get_ExtensionName</name>
                    </method>
                    <method>
                        <signature>Keyfactor.Orchestrators.Core.Http.Interfaces.IKeyfactorHttpClient()</signature>
                        <name>get__httpClient</name>
                        <newname>a</newname>
                    </method>
                    <method>
                        <signature>Microsoft.Extensions.Logging.ILogger()</signature>
                        <name>get__logger</name>
                        <newname>b</newname>
                    </method>
                </methodlist>
                <fieldlist>
                    <field>
                        <signature>Keyfactor.Orchestrators.Core.Http.Interfaces.IKeyfactorHttpClient</signature>
                        <name>&lt;_httpClient&gt;k__BackingField</name>
                        <newname>b</newname>
                    </field>
                    <field>
                        <signature>Microsoft.Extensions.Logging.ILogger</signature>
                        <name>&lt;_logger&gt;k__BackingField</name>
                        <newname>a</newname>
                    </field>
                </fieldlist>
                <propertylist>
                    <property>
                        <signature>string()</signature>
                        <name>ExtensionName</name>
                    </property>
                    <property>
                        <signature>Keyfactor.Orchestrators.Core.Http.Interfaces.IKeyfactorHttpClient()</signature>
                        <name>_httpClient</name>
                    </property>
                    <property>
                        <signature>Microsoft.Extensions.Logging.ILogger()</signature>
                        <name>_logger</name>
                    </property>
                </propertylist>
                <eventlist />
            </type>
            <type>
                <name>Keyfactor.Orchestrators.CertificateAuthority.TemplateSyncJobExtension/&lt;ProcessJob&gt;d__9</name>
                <newname>Keyfactor.Orchestrators.CertificateAuthority.TemplateSyncJobExtension/a</newname>
                <methodlist>
                    <method>
                        <signature>void()</signature>
                        <name>MoveNext</name>
                        <newname>f</newname>
                    </method>
                    <method>
                        <signature>void(System.Runtime.CompilerServices.IAsyncStateMachine)</signature>
                        <name>SetStateMachine</name>
                        <newname>f</newname>
                    </method>
                </methodlist>
                <fieldlist>
                    <field>
                        <signature>int32</signature>
                        <name>&lt;&gt;1__state</name>
                        <newname>a</newname>
                    </field>
                    <field>
                        <signature>Keyfactor.Orchestrators.CertificateAuthority.TemplateSyncJobExtension</signature>
                        <name>&lt;&gt;4__this</name>
                        <newname>d</newname>
                    </field>
                    <field>
                        <signature>System.Runtime.CompilerServices.AsyncTaskMethodBuilder`1&lt;Keyfactor.Orchestrators.Extensions.JobResult&gt;</signature>
                        <name>&lt;&gt;t__builder</name>
                        <newname>b</newname>
                    </field>
                    <field>
                        <signature>System.Runtime.CompilerServices.TaskAwaiter`1&lt;object&gt;</signature>
                        <name>&lt;&gt;u__1</name>
                        <newname>f</newname>
                    </field>
                    <field>
                        <signature>Keyfactor.Orchestrators.Extensions.TemplateSyncJobConfiguration</signature>
                        <name>config</name>
                        <newname>c</newname>
                    </field>
                    <field>
                        <signature>System.Guid</signature>
                        <name>sessionToken</name>
                        <newname>e</newname>
                    </field>
                </fieldlist>
                <propertylist />
                <eventlist />
            </type>
            <type>
                <name>Microsoft.CodeAnalysis.EmbeddedAttribute</name>
                <newname>a</newname>
                <methodlist>
                    <method>
                        <signature>void()</signature>
                        <name>.ctor</name>
                    </method>
                </methodlist>
                <fieldlist />
                <propertylist />
                <eventlist />
            </type>
            <type>
                <name>System.Runtime.CompilerServices.NullableAttribute</name>
                <newname>b</newname>
                <methodlist>
                    <method>
                        <signature>void(unsigned int8)</signature>
                        <name>.ctor</name>
                    </method>
                    <method>
                        <signature>void(unsigned int8[])</signature>
                        <name>.ctor</name>
                    </method>
                </methodlist>
                <fieldlist>
                    <field>
                        <signature>unsigned int8[]</signature>
                        <name>NullableFlags</name>
                        <newname>a</newname>
                    </field>
                </fieldlist>
                <propertylist />
                <eventlist />
            </type>
            <type>
                <name>System.Runtime.CompilerServices.NullableContextAttribute</name>
                <newname>c</newname>
                <methodlist>
                    <method>
                        <signature>void(unsigned int8)</signature>
                        <name>.ctor</name>
                    </method>
                </methodlist>
                <fieldlist>
                    <field>
                        <signature>unsigned int8</signature>
                        <name>Flag</name>
                        <newname>a</newname>
                    </field>
                </fieldlist>
                <propertylist />
                <eventlist />
            </type>
        </module>
    </mapping>
    <statistics>
        <statisticline>
            <description>Total Classes</description>
            <statistic>25</statistic>
        </statisticline>
        <statisticline>
            <description>Total Methods</description>
            <statistic>133</statistic>
        </statisticline>
        <statisticline>
            <description>Total Fields</description>
            <statistic>102</statistic>
        </statisticline>
        <statisticline>
            <description>Total Properties</description>
            <statistic>46</statistic>
        </statisticline>
        <statisticline>
            <description>Total Events</description>
            <statistic>0</statistic>
        </statisticline>
        <statisticline>
            <description>Total Classes Renamed</description>
            <statistic>15</statistic>
            <statistic>60.00 %</statistic>
        </statisticline>
        <statisticline>
            <description>Total Methods Renamed</description>
            <statistic>81</statistic>
            <statistic>60.90 %</statistic>
        </statisticline>
        <statisticline>
            <description>Total Fields Renamed</description>
            <statistic>100</statistic>
            <statistic>98.04 %</statistic>
        </statisticline>
        <statisticline>
            <description>Total Properties Renamed</description>
            <statistic>0</statistic>
            <statistic>0.00 %</statistic>
        </statisticline>
        <statisticline>
            <description>Total Events Renamed</description>
            <statistic>0</statistic>
            <statistic>0.00 %</statistic>
        </statisticline>
        <statisticline>
            <description>Methods Renamed to 'a'</description>
            <statistic>32</statistic>
            <statistic>24.06 %</statistic>
        </statisticline>
        <statisticline>
            <description>Methods Renamed to 'b'</description>
            <statistic>11</statistic>
            <statistic>8.27 %</statistic>
        </statisticline>
        <statisticline>
            <description>Methods Renamed to 'c'</description>
            <statistic>8</statistic>
            <statistic>6.02 %</statistic>
        </statisticline>
        <statisticline>
            <description>Methods Renamed to 'd'</description>
            <statistic>7</statistic>
            <statistic>5.26 %</statistic>
        </statisticline>
        <statisticline>
            <description>Methods Renamed to 'f'</description>
            <statistic>7</statistic>
            <statistic>5.26 %</statistic>
        </statisticline>
        <statisticline>
            <description>Methods Renamed to 'g'</description>
            <statistic>5</statistic>
            <statistic>3.76 %</statistic>
        </statisticline>
        <statisticline>
            <description>Methods Renamed to 'e'</description>
            <statistic>3</statistic>
            <statistic>2.26 %</statistic>
        </statisticline>
    </statistics>
</dotfuscatorMap>